frame,id,x,y,w,h
2,1,859,188,32,60
2,2,813,465,66,91
2,3,455,160,35,67
2,4,908,125,25,52
2,5,164,265,46,82
2,6,1086,344,49,95
2,7,394,155,34,61
2,8,728,85,27,43
2,9,737,193,35,69
2,11,580,94,25,52
2,12,409,419,55,78
2,13,1152,256,42,83
2,14,533,428,42,89
3,1,870,187,33,61
3,2,823,463,64,88
3,3,469,161,34,65
3,4,920,125,25,52
3,5,176,265,45,81
3,6,1084,344,49,95
3,7,408,154,33,61
3,8,740,85,27,42
3,9,748,192,36,71
3,11,593,95,25,51
3,12,417,417,56,81
3,13,1161,256,40,82
3,14,534,428,41,86
4,1,882,187,33,62
4,2,831,462,61,83
4,3,482,161,34,65
4,4,933,124,25,53
4,5,184,265,46,81
4,6,1087,344,48,96
4,7,421,154,33,61
4,8,751,84,27,44
4,9,758,192,37,72
4,11,606,96,24,51
4,12,427,415,56,83
4,13,1169,256,41,83
4,14,538,428,42,89
5,1,891,186,34,62
5,2,838,460,61,85
5,3,494,160,34,65
5,4,946,124,26,54
5,5,193,266,44,80
5,6,1093,346,47,95
5,7,432,154,33,61
5,8,764,85,26,43
5,9,769,192,37,74
5,11,619,96,25,50
5,12,433,414,59,86
5,13,1180,256,41,84
5,14,540,426,42,91
5,17,500,437,47,76
6,1,901,187,34,61
6,2,845,458,62,86
6,3,505,159,35,66
6,4,958,124,26,54
6,5,200,267,44,79
6,6,1100,348,45,91
6,7,443,154,33,61
6,8,777,85,26,43
6,9,780,193,37,73
6,11,632,96,24,50
6,12,437,413,59,85
6,13,1191,255,42,87
6,14,544,425,42,91
6,17,500,438,49,78
7,1,912,186,35,63
7,2,853,455,64,90
7,3,516,159,35,66
7,4,971,124,26,55
7,5,208,267,43,78
7,6,1111,348,46,93
7,7,454,153,32,62
7,8,788,85,25,43
7,9,790,195,36,71
7,11,643,95,25,50
7,12,443,412,59,85
7,13,1200,255,43,87
7,14,550,421,41,91
7,17,500,443,48,77
8,1,923,186,35,64
8,2,859,451,68,94
8,3,528,158,34,67
8,4,983,124,26,56
8,5,217,266,43,79
8,6,1115,347,45,94
8,7,466,153,31,62
8,8,802,85,26,44
8,9,801,197,34,70
8,11,654,95,25,51
8,12,452,412,58,84
8,13,1209,255,44,88
8,14,556,418,40,90
8,17,507,445,45,75
9,1,934,187,34,63
9,2,867,448,66,92
9,3,540,158,34,67
9,4,995,126,27,55
9,5,227,264,44,81
9,6,1120,346,47,97
9,7,479,154,31,61
9,8,815,85,26,44
9,9,810,197,33,69
9,11,665,95,25,51
9,12,461,412,56,82
9,13,1219,257,44,85
9,14,561,413,40,92
9,17,513,447,45,73
9,18,737,224,41,73
10,1,942,187,34,63
10,2,874,446,64,89
10,3,553,158,33,67
10,4,1008,127,25,55
10,5,237,263,44,82
10,6,1126,346,48,96
10,7,491,154,31,62
10,8,828,85,26,44
10,9,820,197,33,70
10,11,677,94,25,52
10,12,465,411,60,89
10,13,1226,258,42,85
10,14,568,411,40,93
10,17,516,449,45,73
10,18,751,224,40,73
11,1,953,186,33,64
11,2,880,445,63,88
11,3,566,159,33,67
11,4,1021,127,25,55
11,5,245,263,45,81
11,6,1128,346,47,95
11,7,503,155,31,61
11,8,841,87,26,42
11,9,830,196,34,71
11,11,690,95,25,52
11,12,471,410,61,91
11,13,1237,261,41,82
11,14,573,409,42,96
11,17,518,451,45,74
11,18,765,224,39,73
12,1,964,186,33,64
12,2,885,444,62,88
12,3,580,159,32,67
12,4,1034,127,25,55
12,5,253,263,45,82
12,6,1123,348,47,92
12,7,515,156,31,61
12,8,855,87,26,42
12,9,841,196,34,72
12,11,703,95,25,53
12,12,477,409,62,92
12,13,1244,261,40,83
12,14,572,409,47,105
12,17,520,453,46,74
12,18,775,224,40,73
13,1,975,186,33,65
13,2,890,444,63,90
13,3,592,160,33,66
13,4,1047,127,25,55
13,5,262,265,44,79
13,6,1125,349,45,90
13,7,528,156,31,61
13,8,867,87,25,43
13,9,850,197,34,72
13,11,715,96,25,52
13,12,484,408,62,94
13,13,1253,260,36,77
13,14,575,409,49,107
13,17,523,454,45,75
13,18,789,224,40,74
14,1,985,186,34,66
14,2,897,443,63,92
14,3,604,161,33,66
14,4,1060,128,25,54
14,5,267,265,44,79
14,6,1128,352,44,88
14,7,540,157,30,61
14,8,879,87,25,43
14,9,859,198,35,71
14,11,727,98,26,51
14,12,490,407,64,95
14,13,1261,260,36,76
14,14,585,408,44,94
14,17,525,456,46,75
14,18,800,224,40,74
15,1,993,187,35,65
15,2,903,441,63,92
15,3,616,162,33,65
15,4,1072,128,26,55
15,5,272,265,42,79
15,6,1136,353,41,82
15,7,551,157,30,61
15,8,890,88,25,42
15,9,868,198,36,72
15,11,739,99,25,51
15,12,496,406,65,96
15,13,1270,261,35,75
15,14,590,408,41,90
15,17,527,458,46,75
15,18,811,224,40,74
16,1,1004,189,34,63
16,2,903,440,59,88
16,3,627,162,33,66
16,4,1083,129,26,55
16,5,279,264,42,82
16,6,1146,354,43,87
16,7,562,157,30,61
16,8,901,88,24,42
16,9,878,200,35,70
16,11,750,100,25,50
16,12,502,405,66,98
16,13,1278,261,35,75
16,14,591,407,43,97
16,17,530,460,46,75
16,18,822,224,39,76
17,1,1014,192,34,61
17,2,904,439,57,87
17,3,638,163,33,65
17,4,1093,131,27,54
17,5,287,264,43,83
17,6,1149,353,44,92
17,7,573,158,28,60
17,8,913,88,23,43
17,9,887,201,34,69
17,11,761,100,25,51
17,12,508,404,67,99
17,13,1286,262,35,73
17,14,595,407,42,95
17,17,532,462,46,76
17,18,833,224,39,76
18,1,1024,193,33,61
18,2,906,439,54,87
18,3,648,162,32,67
18,4,1103,134,29,53
18,5,294,264,43,84
18,6,1152,353,45,94
18,7,583,158,28,62
18,8,924,88,24,44
18,9,894,202,33,68
18,11,771,101,25,51
18,12,542,416,50,78
18,13,1295,262,34,73
18,14,598,407,41,96
18,17,532,449,41,64
18,18,844,224,39,76
19,1,1031,193,33,61
19,2,915,439,54,86
19,3,658,163,32,67
19,4,1114,136,29,53
19,5,299,265,43,84
19,6,1157,352,45,96
19,7,594,159,27,62
19,8,935,90,24,44
19,9,900,202,33,70
19,11,782,101,25,52
19,12,532,415,58,89
19,13,1303,263,34,71
19,14,602,408,40,94
19,17,534,450,40,63
19,18,852,226,39,76
20,1,1038,192,33,63
20,2,917,438,53,87
20,3,667,163,31,68
20,4,1126,138,29,52
20,5,306,267,43,82
20,6,1159,352,47,97
20,7,603,159,27,63
20,8,945,91,24,45
20,9,907,202,33,72
20,11,792,101,25,53
20,12,553,415,52,82
20,13,1312,263,33,71
20,14,606,408,40,96
20,17,536,451,40,62
20,18,862,227,39,77
21,1,1047,192,33,64
21,2,920,438,54,89
21,3,677,163,30,69
21,4,1137,140,30,52
21,5,313,269,42,81
21,6,1159,353,49,95
21,7,612,160,27,63
21,8,955,92,23,44
21,9,915,202,33,73
21,11,802,101,24,54
21,12,562,415,48,77
21,13,1320,263,33,70
21,14,610,407,42,101
21,17,538,451,40,62
21,18,873,229,37,76
22,1,1055,192,33,66
22,2,922,435,56,93
22,3,687,163,29,69
22,4,1147,141,30,52
22,5,318,270,40,80
22,6,1156,355,48,92
22,7,621,161,27,63
22,8,963,92,24,45
22,9,923,203,33,73
22,11,812,101,23,55
22,12,564,414,47,76
22,13,1328,264,33,69
22,14,618,406,42,103
22,17,513,458,43,64
22,18,883,231,37,74
23,1,1062,193,32,65
23,2,922,433,55,90
23,3,694,163,30,70
23,4,1156,140,30,53
23,5,321,270,39,80
23,6,1153,357,48,91
23,7,628,162,28,62
23,8,970,92,23,46
23,9,928,205,33,71
23,11,818,101,24,55
23,12,566,413,46,75
23,13,1337,264,32,68
23,14,621,405,43,104
23,17,516,459,43,63
23,18,891,232,37,74
24,1,1065,194,32,64
24,2,916,431,55,89
24,3,699,164,29,70
24,4,1162,139,31,55
24,5,322,269,38,82
24,6,1155,359,48,90
24,7,633,162,29,63
24,8,975,93,23,46
24,9,931,207,32,70
24,11,823,102,24,55
24,12,567,413,46,74
24,13,1345,265,32,67
24,14,622,404,43,103
24,17,517,460,44,63
24,18,901,232,37,75
25,1,1067,196,31,60
25,2,907,430,54,89
25,3,701,164,30,70
25,4,1165,139,32,56
25,5,320,267,39,85
25,6,1154,360,46,90
25,7,637,163,28,62
25,8,985,94,23,46
25,9,932,209,29,67
25,11,826,102,24,56
25,12,569,412,45,74
25,13,1354,265,31,67
25,14,622,403,44,103
25,17,514,461,44,61
25,18,911,233,37,74
25,21,154,689,39,30
26,1,1067,198,29,59
26,2,895,430,52,88
26,3,702,164,31,71
26,4,1168,138,32,58
26,5,315,267,40,85
26,6,1151,360,45,90
26,7,638,163,29,61
26,8,995,94,23,47
26,9,929,210,29,65
26,11,828,103,24,55
26,12,564,413,44,73
26,13,1362,266,31,65
26,14,619,402,46,104
26,17,511,459,45,62
26,18,921,234,37,74
26,21,156,689,39,31
27,1,1065,199,28,57
27,2,886,431,51,88
27,3,703,164,30,71
27,4,1171,138,31,58
27,5,310,268,40,84
27,6,1145,360,44,90
27,7,638,163,28,61
27,8,1005,95,22,47
27,9,926,210,28,67
27,11,828,105,24,53
27,12,560,414,46,73
27,13,1370,266,31,65
27,14,615,406,45,98
27,17,507,458,46,63
27,18,931,234,37,75
27,21,158,690,38,30
27,22,975,95,16,46
28,1,1061,200,28,58
28,2,879,430,51,88
28,3,702,164,31,70
28,4,1173,138,32,58
28,5,306,269,40,84
28,6,1133,360,45,90
28,7,636,162,28,62
28,8,1015,95,22,47
28,9,923,209,27,68
28,11,828,106,24,52
28,12,557,415,46,72
28,13,1379,267,29,63
28,14,605,408,43,91
28,17,501,455,48,66
28,18,942,235,36,74
28,21,159,690,37,30
28,22,974,94,16,47
29,1,1057,200,28,59
29,2,872,428,50,86
29,3,701,164,30,70
29,4,1173,138,33,59
29,5,302,270,39,84
29,6,1121,360,46,90
29,7,634,162,27,62
29,8,1025,96,22,47
29,9,920,209,27,67
29,11,826,106,25,52
29,12,553,416,46,71
29,13,1387,267,29,63
29,14,596,411,44,93
29,17,500,455,47,67
29,18,952,236,36,74
29,21,159,691,37,29
29,22,973,95,16,46
30,1,1054,199,28,60
30,2,869,427,50,85
30,3,699,163,29,70
30,4,1174,139,32,59
30,5,298,270,38,84
30,6,1112,361,45,87
30,7,639,162,27,62
30,8,1034,96,23,48
30,9,915,209,28,69
30,11,825,106,24,52
30,12,550,415,47,72
30,13,1396,267,28,62
30,14,595,411,44,93
30,17,482,447,55,78
30,18,962,236,36,75
30,21,159,691,36,29
30,22,971,96,16,45
31,1,1050,199,28,62
31,2,867,426,49,85
31,3,696,163,29,69
31,4,1173,140,32,58
31,5,294,270,37,84
31,6,1101,363,46,85
31,7,644,162,27,63
31,8,1044,97,23,48
31,9,917,209,28,70
31,11,823,106,24,51
31,12,550,413,48,74
31,13,1404,268,28,61
31,14,595,411,44,93
31,17,477,445,56,80
31,18,972,237,37,74
31,21,159,691,36,29
31,22,970,96,15,44
32,1,1045,198,29,64
32,2,864,425,50,84
32,3,693,163,28,70
32,4,1173,141,31,57
32,5,289,270,36,84
32,6,1093,364,46,84
32,7,649,163,27,62
32,8,1054,97,23,48
32,9,902,209,29,71
32,11,821,105,24,52
32,12,549,409,52,79
32,13,1412,268,28,60
32,14,595,412,43,92
32,17,472,442,56,84
32,18,982,238,37,74
32,21,159,692,36,28
32,22,967,96,16,44
33,1,1041,198,29,65
33,2,862,424,49,84
33,3,690,163,27,69
33,4,1172,141,31,57
33,5,283,270,36,86
33,6,1088,364,46,84
33,7,654,163,27,62
33,8,1064,98,23,48
33,9,895,210,28,70
33,11,819,105,23,52
33,12,547,406,58,89
33,13,1421,269,27,59
33,14,594,412,43,92
33,17,467,439,56,86
33,18,992,238,37,75
33,21,158,692,36,28
33,22,965,96,16,45
33,27,622,162,17,63
33,28,805,423,49,97
34,1,1038,200,29,64
34,2,859,423,49,84
34,3,687,163,26,69
34,4,1171,141,31,57
34,5,278,270,36,86
34,6,1084,364,46,84
34,7,660,163,26,63
34,8,1074,98,23,49
34,9,891,211,26,69
34,11,819,115,19,43
34,12,544,409,57,89
34,13,1429,269,27,59
34,14,581,404,29,65
34,17,461,435,57,90
34,18,1002,239,37,74
34,21,158,693,35,27
34,22,962,95,18,47
34,27,620,163,17,62
34,28,796,420,50,98
35,1,1035,200,28,64
35,2,857,422,48,83
35,3,684,163,26,70
35,4,1171,141,31,57
35,5,271,272,36,84
35,6,1080,361,47,88
35,7,665,163,27,63
35,8,1083,99,24,49
35,9,885,211,27,69
35,11,814,107,23,50
35,12,533,408,59,93
35,13,1438,270,26,57
35,14,579,403,28,62
35,17,457,433,57,92
35,18,1013,240,36,74
35,21,158,693,35,27
35,22,961,96,17,46
35,27,619,163,17,62
35,28,788,417,48,96
36,1,1032,201,28,63
36,2,854,421,49,83
36,3,681,163,27,70
36,4,1171,141,32,57
36,5,264,273,36,84
36,6,1075,359,47,90
36,7,670,163,27,63
36,8,1093,99,24,49
36,9,881,211,26,68
36,11,812,105,24,53
36,12,525,408,60,93
36,13,1446,270,26,57
36,14,577,404,35,75
36,17,453,430,59,97
36,18,1023,241,36,74
36,21,158,693,35,27
36,22,960,95,18,47
36,27,617,163,18,62
36,28,778,415,46,93
37,1,1030,202,28,62
37,2,852,420,48,82
37,3,679,164,27,69
37,4,1172,140,32,58
37,5,257,274,37,83
37,6,1068,358,47,91
37,7,675,164,27,62
37,8,1103,100,24,49
37,9,877,210,26,68
37,11,810,104,24,52
37,12,522,408,60,95
37,13,1454,271,26,55
37,14,578,405,36,79
37,17,450,429,60,99
37,18,1033,241,36,74
37,21,158,693,35,27
37,22,959,94,18,48
37,27,615,164,19,62
37,28,764,414,45,92
38,1,1028,201,27,64
38,2,849,419,48,82
38,3,677,165,27,68
38,4,1173,140,32,58
38,5,253,276,37,81
38,6,1060,357,49,92
38,7,680,164,27,63
38,8,1113,100,24,50
38,9,873,210,26,69
38,11,808,105,24,53
38,12,520,408,62,97
38,13,1463,271,25,55
38,14,582,408,35,79
38,17,447,428,61,103
38,18,1043,242,37,74
38,21,158,694,35,26
38,22,958,95,18,48
38,27,612,164,20,62
38,28,750,414,46,94
39,1,1026,201,27,64
39,2,847,418,48,81
39,3,676,165,28,69
39,4,1175,140,31,59
39,5,249,276,39,82
39,6,1054,358,49,91
39,7,685,164,27,63
39,8,1123,101,24,50
39,9,869,210,26,70
39,11,806,105,24,53
39,12,517,406,62,100
39,13,1471,271,25,54
39,14,584,409,35,79
39,17,445,428,60,106
39,18,1053,243,37,74
39,21,158,694,35,26
39,22,957,95,18,48
39,27,610,164,20,62
39,28,735,415,45,92
39,32,1263,283,16,85
40,1,1023,201,28,65
40,2,844,417,48,81
40,3,674,166,29,68
40,4,1175,140,31,59
40,5,247,277,39,82
40,6,1048,359,50,90
40,7,690,164,27,63
40,8,1133,101,24,50
40,9,863,211,28,71
40,11,805,106,24,53
40,12,513,404,61,101
40,13,1480,272,24,53
40,14,586,410,37,80
40,17,443,429,59,106
40,18,1063,243,37,74
40,21,158,694,35,26
40,22,956,95,18,49
40,27,608,165,20,62
40,28,723,417,44,89
40,32,1260,282,16,85
41,1,1020,201,28,66
41,2,842,416,47,81
41,3,672,166,29,68
41,4,1176,140,30,59
41,5,245,276,40,83
41,6,1045,360,47,85
41,7,696,165,27,62
41,8,1142,102,25,50
41,9,858,212,28,72
41,11,804,106,24,54
41,12,509,400,60,104
41,13,1488,272,24,53
41,14,587,411,37,78
41,17,440,430,58,105
41,18,1074,244,36,74
41,21,158,694,34,26
41,22,954,95,18,49
41,27,606,165,21,62
41,28,711,420,43,88
41,32,1257,281,16,84
42,1,1017,201,28,67
42,2,839,415,47,80
42,3,670,167,29,68
42,4,1176,142,30,58
42,5,243,275,41,84
42,6,1039,363,48,87
42,7,701,165,27,63
42,8,1152,102,25,51
42,9,854,215,28,70
42,11,803,106,25,54
42,12,504,399,59,104
42,13,1496,273,24,51
42,14,590,410,38,79
42,17,436,430,58,105
42,18,1084,245,36,74
42,21,157,694,35,25
42,22,953,96,18,49
42,27,605,165,20,63
42,28,702,424,44,86
42,32,1251,281,18,87
43,1,1014,203,28,66
43,2,837,414,47,80
43,3,668,167,29,69
43,4,1176,144,29,57
43,5,241,275,41,84
43,6,1033,366,49,87
43,7,706,165,27,63
43,8,1162,103,25,50
43,9,850,216,27,69
43,11,802,107,24,54
43,12,498,397,58,106
43,13,1505,273,23,51
43,14,593,408,39,80
43,17,432,430,59,106
43,18,1094,245,36,74
43,21,157,696,33,23
43,22,951,99,18,47
43,27,603,166,21,62
43,28,698,426,44,85
43,32,1244,282,21,87
44,1,1011,205,28,65
44,2,834,413,47,79
44,3,666,167,29,69
44,4,1176,146,29,56
44,5,239,274,40,85
44,6,1028,367,50,88
44,7,711,165,27,63
44,8,1172,103,24,51
44,9,845,218,26,68
44,11,800,107,25,54
44,12,492,395,56,108
44,14,597,406,40,80
44,17,429,430,59,107
44,18,1104,246,36,74
44,21,156,696,33,23
44,22,950,100,18,47
44,27,600,166,21,63
44,28,690,425,45,85
44,32,1239,283,21,87
45,1,1008,205,27,65
45,2,832,412,46,79
45,3,663,167,28,69
45,4,1176,147,28,56
45,5,235,273,39,86
45,6,1025,368,49,87
45,7,716,165,27,64
45,8,1182,104,24,51
45,9,839,218,26,68
45,11,799,108,24,53
45,12,485,395,55,108
45,14,603,404,40,82
45,17,426,430,59,107
45,18,1114,247,36,74
45,21,154,696,34,23
45,22,948,101,18,46
45,27,597,166,20,63
45,28,680,423,48,86
45,32,1233,284,23,88
46,1,1004,206,26,65
46,2,829,411,47,79
46,3,659,167,27,69
46,4,1175,149,28,54
46,5,231,273,38,85
46,6,1021,368,50,88
46,7,721,166,27,63
46,8,1192,104,24,52
46,9,833,218,26,69
46,11,799,108,20,44
46,12,478,395,53,106
46,14,604,404,39,81
46,17,423,431,58,108
46,18,1124,247,37,74
46,21,154,696,33,23
46,22,946,101,17,45
46,27,592,167,22,63
46,28,672,419,48,87
46,32,1227,286,24,86
47,1,999,206,27,65
47,2,827,410,46,78
47,3,656,167,26,69
47,4,1173,149,29,55
47,5,228,272,36,86
47,6,1018,369,50,87
47,7,796,122,17,41
47,8,1201,105,25,51
47,9,826,218,27,69
47,11,797,108,20,46
47,12,470,397,52,105
47,14,608,400,40,86
47,17,420,435,56,105
47,18,1134,248,37,74
47,21,154,696,33,23
47,22,944,101,17,46
47,27,588,167,22,63
47,28,666,416,47,84
47,32,1221,287,24,86
48,1,993,206,27,66
48,2,824,409,46,78
48,3,651,167,26,70
48,4,1171,149,31,55
48,5,223,272,36,86
48,6,1014,370,50,89
48,7,805,119,17,40
48,8,1211,106,25,51
48,9,819,218,28,71
48,11,793,108,22,51
48,12,464,399,49,105
48,14,614,397,40,85
48,17,415,435,57,107
48,18,1145,249,36,74
48,21,153,696,33,24
48,22,941,103,17,44
48,27,584,167,23,63
48,28,660,412,47,84
48,32,1213,288,26,85
49,1,987,207,27,66
49,2,822,408,45,77
49,3,647,168,25,69
49,4,1169,149,32,55
49,5,217,273,35,86
49,6,1009,372,50,88
49,7,813,117,17,39
49,8,1221,106,25,52
49,9,811,219,29,72
49,11,789,109,23,53
49,12,458,402,47,102
49,14,617,396,39,80
49,17,411,438,55,105
49,18,1155,249,36,74
49,21,153,697,32,23
49,22,938,103,17,45
49,27,580,168,24,63
49,28,656,433,34,61
49,32,1206,289,26,85
50,1,981,209,27,65
50,2,819,406,46,78
50,3,640,169,25,69
50,4,1167,149,32,55
50,5,210,273,34,87
50,6,1002,375,51,88
50,7,822,115,16,38
50,8,1231,107,25,52
50,9,805,220,29,72
50,11,785,109,22,54
50,12,451,402,47,103
50,14,616,395,37,78
50,17,407,441,54,102
50,18,1165,250,36,74
50,21,153,697,32,23
50,22,934,102,17,46
50,27,576,168,24,63
50,28,651,438,31,55
50,32,1197,289,29,87
51,1,975,210,27,65
51,2,817,405,45,77
51,3,634,169,25,69
51,4,1165,148,34,57
51,5,203,273,34,87
51,6,997,378,50,87
51,7,831,113,15,37
51,8,1241,107,25,52
51,9,797,222,30,70
51,11,779,110,23,54
51,12,446,401,45,104
51,14,616,394,37,79
51,17,402,442,54,102
51,18,1175,251,36,74
51,21,153,697,31,23
51,22,930,103,17,46
51,27,571,169,24,63
51,28,640,410,46,82
51,32,1187,289,31,89
52,1,970,212,26,64
52,2,814,404,45,77
52,3,627,170,27,68
52,4,1162,148,35,57
52,5,195,274,34,87
52,6,992,380,51,87
52,7,840,111,15,36
52,8,1251,108,25,52
52,9,788,223,30,70
52,11,774,111,23,54
52,12,438,401,45,105
52,14,613,393,40,82
52,17,397,442,55,103
52,18,1185,251,36,74
52,21,153,698,31,22
52,22,925,104,18,46
52,27,566,169,25,63
52,28,635,401,48,87
52,32,1177,291,32,89
53,1,964,213,26,63
53,2,812,403,45,77
53,3,621,170,27,69
53,4,1160,148,35,58
53,5,189,275,33,86
53,6,986,381,52,89
53,7,849,109,14,34
53,8,1260,108,26,53
53,9,780,224,30,70
53,11,768,112,22,54
53,12,429,400,44,103
53,14,611,391,41,83
53,17,393,443,54,103
53,18,1195,252,37,74
53,21,152,698,31,22
53,22,920,105,18,47
53,27,560,170,24,62
53,28,631,397,47,86
53,32,1167,294,33,88
54,1,957,214,27,63
54,2,809,402,45,76
54,3,615,172,27,68
54,4,1158,148,33,59
54,5,182,277,34,85
54,6,981,382,54,90
54,7,857,107,14,33
54,8,1270,109,26,53
54,9,772,224,31,72
54,11,763,113,22,54
54,12,423,397,38,91
54,14,612,390,40,80
54,17,390,442,54,104
54,21,152,698,30,22
54,22,915,107,17,46
54,27,553,171,24,62
54,28,626,396,46,83
54,32,1158,297,33,87
55,1,951,214,27,65
55,2,807,401,44,76
55,3,608,173,29,69
55,4,1154,149,33,58
55,5,176,278,34,85
55,6,979,382,54,91
55,7,866,105,14,32
55,9,765,225,31,73
55,11,757,114,21,54
55,12,418,396,32,75
55,14,613,389,40,80
55,17,386,444,54,104
55,21,152,699,30,21
55,22,909,108,17,46
55,27,545,171,24,63
55,28,621,390,48,88
55,32,1147,300,33,84
56,1,944,214,27,66
56,2,804,400,44,75
56,3,601,174,29,68
56,4,1149,151,32,58
56,5,169,278,35,86
56,6,978,382,55,92
56,7,875,103,13,31
56,9,757,226,30,74
56,11,750,116,22,53
56,12,411,395,28,65
56,14,614,388,40,80
56,17,381,445,53,102
56,21,152,699,29,21
56,22,903,110,17,45
56,27,537,172,23,63
56,28,615,388,50,90
56,32,1136,302,35,83
57,1,937,215,27,67
57,2,802,399,44,75
57,3,594,175,29,68
57,4,1144,153,31,57
57,5,163,279,34,85
57,6,978,381,55,94
57,7,884,100,12,30
57,9,747,228,31,74
57,11,744,117,21,53
57,12,403,395,29,65
57,14,615,387,40,80
57,17,377,448,51,101
57,21,152,699,28,21
57,22,897,111,17,45
57,27,529,173,23,63
57,28,609,385,50,90
57,32,1127,303,36,85
58,1,929,217,28,67
58,2,599,389,47,83
58,3,587,176,28,68
58,4,1138,155,30,56
58,5,155,280,35,85
58,6,979,381,53,92
58,7,892,98,13,29
58,9,737,230,32,75
58,11,737,117,21,54
58,12,395,394,29,66
58,14,616,386,40,80
58,17,372,448,51,103
58,21,151,699,29,21
58,22,891,112,18,46
58,27,521,174,23,63
58,28,612,383,49,88
58,32,1119,303,37,87
59,1,921,217,28,69
59,2,592,388,47,83
59,3,579,176,28,68
59,4,1133,159,28,54
59,5,148,280,34,86
59,6,979,382,52,91
59,7,901,96,12,28
59,9,729,232,31,74
59,11,731,118,21,54
59,12,385,394,32,72
59,14,617,385,40,80
59,17,366,449,52,103
59,21,151,700,28,20
59,22,884,113,18,45
59,27,512,175,22,63
59,28,617,380,48,87
59,32,1112,304,38,88
60,1,914,218,27,69
60,2,587,389,47,81
60,3,571,177,28,68
60,4,1127,163,28,50
60,5,140,281,34,85
60,6,978,383,51,90
60,7,910,94,11,27
60,9,720,234,30,73
60,11,723,119,21,53
60,12,372,394,38,87
60,14,617,384,41,80
60,17,361,452,52,101
60,21,151,700,28,20
60,22,878,113,18,46
60,27,503,176,22,63
60,28,622,379,44,79
60,32,1105,305,37,89
61,1,906,220,28,67
61,2,581,391,46,76
61,3,563,177,27,69
61,4,1121,165,28,49
61,5,132,282,33,85
61,6,976,383,50,91
61,7,919,92,11,25
61,9,712,236,29,71
61,11,716,119,21,54
61,12,360,393,42,96
61,14,618,383,41,81
61,17,354,452,54,102
61,21,151,700,27,20
61,22,872,113,18,47
61,27,494,177,23,63
61,28,622,378,44,80
61,32,1097,305,37,89
61,38,846,249,35,74
62,1,899,221,27,67
62,2,576,393,48,74
62,3,554,178,27,68
62,4,1115,166,29,49
62,5,124,282,32,86
62,6,973,384,49,90
62,7,928,90,10,24
62,9,703,237,29,71
62,11,709,119,21,55
62,12,349,395,43,99
62,14,619,382,41,81
62,17,348,454,54,101
62,21,151,701,26,19
62,22,866,113,19,47
62,27,486,177,23,64
62,28,623,378,41,72
62,32,1089,306,37,90
62,38,842,249,33,74
63,1,891,223,27,66
63,2,570,394,48,72
63,3,546,179,27,69
63,4,1110,166,30,49
63,5,116,283,33,86
63,6,969,384,49,90
63,7,936,88,10,23
63,9,693,237,30,73
63,11,702,120,21,55
63,12,341,398,43,99
63,14,620,381,41,81
63,17,342,454,55,101
63,21,150,701,27,19
63,22,860,113,19,49
63,27,478,178,23,64
63,28,621,377,41,73
63,32,1081,308,36,88
63,38,838,250,34,73
64,1,883,223,27,66
64,2,562,392,51,75
64,3,537,179,27,70
64,4,1107,167,31,49
64,5,109,283,31,87
64,6,964,384,49,91
64,7,945,86,10,22
64,9,684,237,31,74
64,11,694,121,21,54
64,12,331,400,43,98
64,14,621,380,41,81
64,17,338,455,56,101
64,21,150,701,26,19
64,22,855,115,19,48
64,27,470,179,23,63
64,28,617,377,41,71
64,32,1070,310,37,88
64,38,835,250,34,74
65,1,875,224,27,66
65,2,569,391,46,70
65,3,529,180,27,71
65,4,1107,168,32,48
65,5,102,285,30,86
65,6,962,384,49,91
65,9,676,238,31,75
65,11,686,122,21,54
65,12,322,399,43,102
65,14,622,379,41,81
65,17,335,455,56,102
65,21,150,701,26,19
65,22,849,116,19,48
65,27,463,180,23,63
65,28,618,376,41,70
65,32,1060,313,37,87
65,38,832,250,34,74
66,1,867,225,28,65
66,2,559,389,50,74
66,3,521,181,27,70
66,4,1106,169,32,47
66,5,94,285,30,86
66,6,961,383,49,92
66,9,667,239,32,76
66,11,679,122,22,55
66,12,312,399,44,102
66,14,623,378,41,81
66,17,332,453,56,103
66,21,150,702,25,18
66,22,843,118,18,47
66,27,454,181,23,63
66,28,619,375,42,71
66,32,1050,316,38,86
66,38,829,251,34,73
67,1,860,227,27,64
67,2,557,388,51,73
67,3,512,182,27,70
67,4,1102,170,32,46
67,5,87,286,29,86
67,6,959,383,49,92
67,9,659,241,31,74
67,11,671,123,23,54
67,12,302,398,45,103
67,14,624,377,40,81
67,17,329,452,57,104
67,21,150,702,24,18
67,22,836,120,18,46
67,27,446,181,23,64
67,28,620,374,44,73
67,32,1043,319,38,85
67,38,826,251,33,73
68,1,852,228,27,64
68,2,558,388,52,72
68,3,504,183,26,70
68,4,1097,170,34,48
68,5,78,286,30,87
68,6,959,383,48,92
68,9,652,244,30,72
68,11,665,124,22,54
68,12,294,398,43,99
68,14,625,376,40,81
68,17,327,452,57,104
68,21,149,702,25,18
68,22,830,121,17,45
68,27,438,182,22,64
68,28,622,373,44,75
68,32,1035,321,40,85
68,38,823,251,33,73
69,1,845,230,27,63
69,2,562,387,52,68
69,3,495,184,27,70
69,4,1093,170,34,50
69,5,70,287,29,86
69,6,958,383,48,93
69,9,644,245,29,72
69,11,657,125,23,54
69,12,285,398,42,96
69,14,626,375,40,81
69,17,326,452,55,104
69,21,149,703,24,17
69,22,823,122,18,44
69,27,428,182,23,64
69,28,621,370,46,80
69,32,1028,323,41,85
69,38,820,252,33,73
70,1,836,231,28,64
70,2,568,386,48,62
70,3,486,185,27,70
70,4,1090,171,34,49
70,5,60,288,29,86
70,6,951,383,48,92
70,9,635,246,29,72
70,11,650,125,22,54
70,12,275,398,43,96
70,14,627,373,40,82
70,17,322,453,54,105
70,21,149,703,23,17
70,22,816,122,19,47
70,27,418,182,23,64
70,28,622,367,46,79
70,32,1023,324,43,86
70,38,817,252,33,73
71,1,828,233,28,63
71,2,570,384,46,60
71,3,477,185,27,70
71,4,1090,173,33,48
71,5,50,289,30,86
71,6,947,384,49,92
71,9,626,247,29,72
71,11,642,125,23,55
71,12,266,396,44,98
71,14,628,372,40,82
71,17,317,455,53,104
71,21,149,703,23,17
71,22,808,123,19,47
71,27,407,182,23,65
71,28,624,364,44,77
71,32,1018,325,45,83
71,38,813,252,34,73
72,1,820,235,28,61
72,2,568,383,48,64
72,3,468,185,26,71
72,4,1090,174,32,48
72,5,40,290,30,86
72,6,946,384,50,91
72,9,617,247,29,73
72,11,634,125,23,55
72,12,265,395,37,84
72,14,629,371,40,82
72,17,311,456,52,105
72,21,149,704,22,16
72,22,801,124,19,46
72,27,397,183,23,64
72,28,627,363,45,79
72,32,1012,326,46,84
72,38,810,252,33,73
73,1,812,237,28,59
73,2,561,383,51,68
73,3,458,185,26,71
73,4,1084,175,32,47
73,5,30,291,31,86
73,6,945,385,51,90
73,9,608,247,29,75
73,11,626,126,23,55
73,12,251,394,42,94
73,14,630,370,40,82
73,17,304,458,52,104
73,21,148,704,23,16
73,22,793,125,21,47
73,27,387,183,23,65
73,28,630,361,44,81
73,32,1006,327,48,84
73,38,807,253,33,72
74,1,804,239,27,58
74,2,557,384,52,69
74,3,447,186,26,71
74,4,1080,175,31,48
74,5,20,292,32,87
74,6,944,384,52,91
74,9,598,247,30,78
74,11,617,126,24,55
74,12,241,394,42,94
74,14,630,369,41,82
74,17,297,458,52,104
74,21,148,704,22,16
74,22,787,125,20,47
74,27,377,183,23,65
74,28,627,360,44,83
74,32,1003,328,47,84
74,38,804,253,33,73
75,1,796,241,28,57
75,2,554,385,52,69
75,3,437,185,26,72
75,4,1074,175,32,47
75,5,10,293,32,87
75,6,940,382,54,94
75,9,588,249,31,77
75,11,609,126,23,55
75,12,231,393,43,94
75,14,631,368,41,82
75,17,289,460,54,104
75,21,148,704,21,16
75,22,780,125,21,47
75,27,366,183,23,65
75,28,625,358,45,84
75,32,1000,329,47,83
75,38,801,253,33,73
76,1,787,241,29,58
76,2,551,385,53,70
76,3,426,186,27,72
76,4,1070,174,32,48
76,5,1,294,33,87
76,6,933,381,56,95
76,9,579,250,30,77
76,11,601,126,23,55
76,12,224,393,43,94
76,14,632,367,41,82
76,17,282,461,54,105
76,22,773,124,21,48
76,27,355,183,23,65
76,28,625,357,44,82
76,32,998,329,45,81
76,38,753,257,36,77
77,1,779,241,31,60
77,2,547,385,54,71
77,3,416,186,26,72
77,4,1068,174,33,49
77,5,-3,295,31,87
77,6,929,381,56,95
77,9,569,252,30,76
77,11,592,126,24,55
77,12,214,394,43,93
77,14,633,366,41,82
77,17,276,462,54,104
77,22,766,124,21,48
77,27,345,183,23,66
77,28,628,355,43,81
77,32,991,329,47,83
77,38,747,257,34,76
78,1,771,241,33,61
78,2,545,384,55,72
78,3,405,187,26,72
78,4,1068,173,34,51
78,5,-10,286,34,98
78,6,925,381,55,96
78,9,559,253,30,75
78,11,585,127,22,54
78,12,208,394,44,94
78,14,634,365,41,82
78,17,271,463,55,102
78,22,759,124,22,49
78,27,334,184,24,65
78,28,630,354,43,83
78,32,985,328,49,88
78,38,740,257,35,76
79,1,765,241,34,62
79,2,558,384,44,58
79,3,394,187,26,73
79,4,1064,173,35,52
79,5,-18,285,34,100
79,6,923,381,54,95
79,9,551,254,30,75
79,11,577,127,22,52
79,12,201,395,44,94
79,14,635,364,41,82
79,17,267,463,55,103
79,22,752,125,22,50
79,27,324,184,24,65
79,28,628,353,44,84
79,32,982,330,51,89
79,38,734,256,34,77
80,1,762,242,34,63
80,2,560,384,49,66
80,3,383,188,26,72
80,4,1064,173,34,52
80,5,-27,285,35,101
80,6,919,380,53,95
80,9,543,254,30,77
80,11,568,127,22,54
80,12,193,394,45,96
80,14,636,363,41,82
80,17,265,463,55,104
80,22,745,126,22,49
80,27,314,184,24,66
80,28,630,352,41,80
80,32,981,331,50,90
80,38,728,257,34,76
80,41,1240,308,25,77
81,1,756,244,34,61
81,2,563,384,50,70
81,3,372,188,27,73
81,4,1061,174,33,51
81,5,-35,285,35,102
81,6,915,378,53,97
81,9,534,255,32,78
81,11,559,128,22,54
81,12,184,393,46,97
81,14,637,362,41,82
81,17,260,462,56,107
81,22,738,127,22,48
81,27,303,184,25,67
81,28,635,352,40,76
81,32,981,334,48,87
81,38,721,257,34,77
81,41,1229,310,25,76
82,1,750,244,35,62
82,2,565,385,48,70
82,3,362,189,26,73
82,4,1056,173,33,51
82,5,-43,284,37,104
82,6,913,377,52,98
82,9,526,255,31,79
82,11,550,127,22,55
82,12,175,391,47,98
82,14,638,361,41,82
82,17,255,461,55,108
82,22,731,128,21,47
82,27,293,184,25,67
82,28,638,352,40,77
82,32,978,335,47,88
82,38,715,257,34,77
82,41,1218,311,25,76
83,1,744,244,35,62
83,2,563,384,49,72
83,3,351,189,27,74
83,4,1051,171,35,53
83,5,-51,284,37,105
83,6,911,377,50,98
83,9,517,256,31,79
83,11,541,128,22,55
83,12,168,388,46,98
83,14,639,360,41,82
83,17,247,460,57,111
83,22,723,128,22,47
83,27,282,184,25,66
83,28,636,352,41,77
83,32,973,336,48,87
83,38,709,258,34,77
83,41,1208,312,26,76
84,1,738,244,36,62
84,2,560,383,50,74
84,3,341,190,27,74
84,4,1046,170,37,56
84,5,-59,284,37,106
84,6,909,377,49,97
84,9,508,258,30,79
84,11,532,128,22,56
84,12,160,386,47,97
84,14,640,359,41,82
84,17,240,459,57,112
84,22,715,127,23,49
84,27,272,184,25,67
84,28,632,351,42,79
84,32,967,336,49,88
84,38,703,258,34,77
84,41,1198,313,26,76
85,1,731,245,37,61
85,2,556,381,52,75
85,3,330,191,27,73
85,4,1042,169,38,59
85,5,-68,283,38,108
85,6,907,378,47,95
85,9,499,259,30,79
85,11,523,128,22,56
85,12,153,386,47,97
85,17,234,460,56,110
85,22,707,127,24,51
85,27,261,184,26,67
85,28,631,350,44,77
85,32,962,337,52,90
85,38,697,258,34,78
85,41,1187,314,26,76
86,1,724,245,39,63
86,2,564,380,52,76
86,3,319,191,27,74
86,4,1044,169,37,60
86,5,-76,283,39,109
86,6,906,379,46,94
86,9,490,260,29,79
86,11,513,128,23,56
86,12,148,388,46,95
86,17,228,460,56,110
86,22,699,127,25,52
86,27,250,184,26,67
86,28,630,349,43,75
86,32,960,337,53,91
86,38,690,259,35,77
86,41,1177,314,26,76
87,1,718,246,40,63
87,2,569,379,51,78
87,3,308,191,26,74
87,4,1042,170,36,59
87,5,-84,283,39,110
87,6,903,379,46,93
87,9,480,260,29,79
87,11,504,129,22,55
87,12,142,390,44,94
87,17,223,462,55,108
87,22,692,127,25,52
87,27,238,184,26,67
87,28,632,349,44,75
87,32,959,337,52,92
87,38,684,259,34,78
87,41,1166,316,26,74
88,1,718,247,40,64
88,2,570,379,51,80
88,3,296,191,27,75
88,4,1039,171,34,58
88,5,-92,283,39,111
88,6,898,379,46,93
88,9,470,259,29,80
88,11,493,128,23,56
88,12,133,391,43,94
88,17,219,463,54,108
88,22,685,128,24,51
88,27,226,184,26,68
88,28,638,349,42,75
88,32,965,337,45,81
88,38,678,259,34,78
88,41,1155,317,26,73
89,1,711,248,39,62
89,2,571,379,48,81
89,3,283,191,27,76
89,4,1034,172,33,58
89,5,-100,282,40,114
89,6,892,377,46,92
89,9,460,259,29,80
89,11,482,128,24,57
89,12,123,391,43,93
89,17,215,463,53,109
89,22,677,129,25,50
89,27,213,184,26,68
89,28,637,348,43,76
89,32,968,337,38,71
89,38,653,261,35,76
89,41,1143,317,26,72
90,1,704,250,39,61
90,2,568,379,48,81
90,3,270,191,27,76
90,4,1027,172,33,57
90,5,-109,282,41,115
90,6,885,374,47,95
90,9,448,258,30,81
90,11,472,128,24,57
90,12,112,388,44,97
90,17,207,463,53,111
90,22,669,129,24,50
90,27,201,184,25,67
90,28,634,346,43,77
90,32,962,339,42,80
90,38,645,261,35,77
90,41,1132,318,27,71
90,42,965,382,28,50
91,1,696,249,39,62
91,2,563,378,49,83
91,3,256,190,27,77
91,4,1020,172,32,55
91,5,-117,282,41,116
91,6,878,373,46,93
91,9,437,257,29,82
91,11,461,128,25,57
91,12,100,387,46,99
91,17,197,462,53,112
91,22,661,129,24,50
91,27,187,184,26,68
91,28,634,344,42,73
91,32,962,341,36,70
91,38,638,262,35,76
91,41,1120,319,26,70
91,42,963,386,27,49
92,1,688,248,40,63
92,2,559,377,50,84
92,3,243,191,27,76
92,4,1013,171,33,57
92,5,-125,281,41,118
92,6,872,372,44,93
92,9,425,258,30,82
92,11,451,128,24,57
92,12,91,385,46,98
92,17,188,460,54,115
92,22,651,128,25,51
92,27,174,184,25,68
92,28,640,343,40,70
92,32,953,341,43,88
92,38,623,263,35,73
92,41,1108,320,27,69
92,42,962,387,28,49
93,1,681,248,40,63
93,2,555,376,51,85
93,3,229,190,27,78
93,4,1007,171,34,58
93,5,-133,281,42,119
93,6,865,371,43,92
93,9,413,259,30,82
93,11,441,127,23,57
93,12,81,385,46,97
93,17,178,460,55,116
93,22,641,128,26,52
93,27,161,184,25,68
93,28,641,342,39,71
93,32,948,342,45,92
93,38,613,264,35,73
93,41,1095,320,27,68
93,42,961,389,28,49
94,1,674,247,42,63
94,2,561,375,52,88
94,3,215,191,27,77
94,4,1005,171,32,56
94,5,-141,281,42,120
94,6,858,370,42,92
94,9,400,260,31,81
94,11,429,127,24,58
94,12,73,384,46,96
94,17,170,460,55,116
94,22,632,128,26,53
94,27,147,184,25,68
94,28,639,341,40,73
94,32,942,342,47,95
94,38,604,265,36,72
94,41,1083,320,28,68
94,42,960,390,28,50
95,1,674,247,42,66
95,2,566,376,51,88
95,3,201,191,28,78
95,4,999,172,32,56
95,5,-150,281,43,121
95,6,851,368,40,90
95,9,387,260,32,81
95,11,417,127,24,58
95,12,63,385,47,95
95,17,161,461,54,113
95,22,623,128,27,54
95,27,133,183,25,69
95,28,633,339,41,75
95,32,938,342,48,97
95,38,596,266,35,71
95,41,1070,320,29,68
95,42,959,391,28,50
96,1,671,247,40,66
96,2,567,377,51,89
96,3,187,191,28,79
96,4,996,173,30,54
96,5,-158,280,43,123
96,6,839,366,40,87
96,9,374,260,33,82
96,11,405,126,23,58
96,12,57,385,47,96
96,17,154,462,53,112
96,22,615,128,26,53
96,27,120,183,24,69
96,28,631,337,42,76
96,32,933,342,49,99
96,38,588,266,35,71
96,41,1059,319,29,69
96,42,958,392,28,51
96,43,1253,210,19,60
97,1,666,247,40,67
97,2,564,377,49,90
97,3,173,191,28,78
97,4,990,172,31,56
97,5,-166,280,44,124
97,6,832,365,40,86
97,9,361,259,34,83
97,11,393,126,23,58
97,12,51,387,47,94
97,17,147,464,51,110
97,22,606,128,27,54
97,27,107,183,23,69
97,28,633,334,43,75
97,32,932,343,47,99
97,38,579,267,35,71
97,41,1047,318,30,70
97,42,957,394,29,51
97,43,1247,206,21,65
98,1,658,245,40,69
98,2,560,376,47,91
98,3,159,192,28,77
98,4,985,170,30,55
98,5,-174,280,44,125
98,6,827,364,40,86
98,9,349,258,34,84
98,11,381,126,24,58
98,12,42,385,48,96
98,17,142,464,51,112
98,22,596,128,26,54
98,27,93,183,23,69
98,28,637,333,41,74
98,32,930,344,46,99
98,38,571,267,35,71
98,41,1035,319,30,68
98,42,956,395,29,51
98,43,1243,206,24,67
99,1,650,244,40,70
99,2,555,375,47,94
99,3,144,192,29,78
99,4,977,169,31,58
99,5,-182,279,44,127
99,6,819,363,40,86
99,9,338,258,34,83
99,11,368,126,25,58
99,12,37,384,44,88
99,17,133,464,51,113
99,22,585,127,26,54
99,27,78,183,23,69
99,28,634,332,41,74
99,32,926,345,44,99
99,38,558,260,39,76
99,41,1022,319,31,69
99,42,955,396,29,52
99,43,1241,206,24,67
100,1,641,243,41,71
100,2,550,373,47,96
100,3,129,192,29,79
100,4,967,168,33,61
100,5,-191,279,46,128
100,6,810,360,42,88
100,9,328,258,33,83
100,11,355,126,26,58
100,12,22,383,47,95
100,17,123,462,51,116
100,22,574,127,28,56
100,27,63,183,23,69
100,28,634,330,42,77
100,32,921,347,44,97
100,38,549,260,40,76
100,41,1010,320,31,69
100,42,954,397,29,52
100,43,1236,208,25,65
101,1,632,242,42,72
101,2,544,372,48,97
101,3,114,192,29,79
101,4,960,168,34,62
101,5,-199,279,46,129
101,6,800,357,43,88
101,9,317,258,33,83
101,11,341,126,27,58
101,12,10,380,50,99
101,17,111,461,53,117
101,22,563,128,28,55
101,27,48,183,23,69
101,28,633,328,41,79
101,32,914,346,46,99
101,38,541,259,39,77
101,41,998,320,31,69
101,42,953,398,29,53
101,43,1228,208,27,65
102,1,624,242,43,71
102,2,542,372,49,97
102,3,99,192,29,79
102,4,955,168,33,63
102,5,-207,279,46,130
102,6,793,353,43,88
102,9,305,258,33,84
102,11,327,126,27,57
102,12,3,379,50,100
102,17,101,461,53,117
102,22,553,127,29,57
102,27,33,183,24,69
102,28,631,327,41,79
102,32,908,347,47,98
102,38,532,259,39,78
102,41,985,321,31,68
102,42,952,400,30,53
102,43,1219,208,28,65
103,1,617,242,44,73
103,2,549,373,49,96
103,3,83,192,30,80
103,4,948,170,33,61
103,5,-215,278,46,132
103,6,788,351,44,88
103,9,293,258,32,85
103,11,314,125,28,58
103,12,-2,378,49,101
103,17,91,460,54,117
103,22,545,128,28,56
103,27,18,184,25,68
103,28,632,327,41,76
103,32,905,346,50,101
103,38,523,259,40,78
103,41,972,322,31,67
103,42,951,401,30,53
103,43,1213,209,29,63
104,1,612,243,43,73
104,2,550,374,48,96
104,3,68,192,30,80
104,4,942,170,33,62
104,5,-223,278,47,133
104,6,782,350,43,89
104,9,279,259,33,85
104,11,301,124,28,59
104,12,-8,380,48,100
104,17,82,462,53,116
104,22,538,128,27,56
104,27,5,184,26,68
104,28,635,327,38,74
104,32,901,346,49,100
104,38,515,259,39,78
104,41,960,323,31,67
104,42,950,402,30,54
104,43,1209,210,31,65
105,1,606,245,41,71
105,2,547,376,46,96
105,3,52,191,31,81
105,4,936,171,31,60
105,5,-232,278,48,134
105,6,775,347,43,91
105,9,267,260,32,84
105,11,288,123,29,59
105,12,-13,382,45,100
105,17,74,464,53,115
105,22,528,128,26,55
105,27,-4,182,25,70
105,28,635,327,38,73
105,32,901,344,49,101
105,38,506,259,40,78
105,41,947,324,31,66
105,42,949,403,30,55
105,43,1204,211,32,64
106,1,601,246,40,70
106,2,541,378,44,94
106,3,38,191,31,81
106,4,928,170,31,60
106,5,-240,277,48,136
106,6,767,344,44,94
106,9,254,262,32,82
106,11,277,122,28,59
106,12,-21,381,45,101
106,17,67,465,52,115
106,22,517,127,27,55
106,27,-17,182,25,70
106,28,631,327,38,72
106,32,898,343,48,101
106,38,497,259,40,78
106,41,934,325,31,65
106,42,948,405,31,54
106,43,1201,211,32,63
107,1,595,246,39,70
107,2,537,378,43,94
107,3,23,192,31,81
107,4,920,169,31,60
107,5,-248,277,48,138
107,6,761,341,42,91
107,9,240,262,34,82
107,11,266,123,27,58
107,12,-29,381,45,102
107,17,60,466,51,115
107,22,506,127,27,56
107,27,-30,182,26,71
107,28,628,326,39,71
107,32,897,342,48,101
107,38,489,259,40,78
107,41,922,325,31,65
107,42,947,406,31,55
107,43,1197,212,33,62
107,46,1222,260,50,70
107,47,1254,207,14,62
108,1,587,245,39,71
108,2,531,376,44,98
108,3,9,191,31,83
108,4,911,168,34,62
108,5,-256,277,49,139
108,6,754,339,40,85
108,9,226,262,35,83
108,11,254,123,27,58
108,12,-37,381,45,102
108,17,50,465,51,117
108,22,495,128,27,56
108,27,-43,181,26,72
108,28,627,325,40,72
108,32,890,333,52,109
108,38,471,257,41,80
108,41,910,326,31,64
108,42,946,407,31,55
108,43,1190,211,35,65
108,46,1213,256,53,75
108,47,1251,206,14,61
109,1,579,243,40,73
109,2,525,375,45,98
109,3,-4,191,30,85
109,4,904,168,35,63
109,6,747,337,39,84
109,9,213,262,35,83
109,11,241,122,27,60
109,12,-45,380,46,103
109,17,39,465,50,118
109,22,486,128,27,56
109,27,-56,181,26,72
109,28,624,325,40,72
109,32,886,329,53,114
109,38,463,259,41,78
109,41,898,326,31,64
109,42,945,408,31,56
109,43,1184,211,34,62
109,46,1206,255,53,75
109,47,1248,206,13,58
110,1,572,242,42,73
110,2,520,374,47,97
110,3,-18,191,30,85
110,4,900,169,35,63
110,6,741,335,38,86
110,9,199,262,36,84
110,11,227,122,28,60
110,12,-53,380,47,103
110,17,28,464,53,120
110,22,477,128,28,57
110,27,-69,181,26,72
110,28,625,326,39,71
110,32,885,337,49,108
110,38,455,259,42,77
110,41,886,327,30,63
110,42,944,410,31,56
110,43,1178,211,36,63
110,46,1201,256,52,73
110,47,1246,205,12,56
110,49,1222,205,59,66
111,1,567,243,42,72
111,2,518,373,48,98
111,3,-32,191,31,86
111,4,894,170,35,62
111,6,735,335,38,85
111,9,187,262,37,84
111,11,215,122,28,60
111,12,-62,380,48,103
111,17,19,464,53,121
111,22,469,128,28,58
111,27,-82,181,26,72
111,28,627,326,38,71
111,32,883,343,46,103
111,38,446,259,42,77
111,41,874,328,30,62
111,42,943,411,32,56
111,43,1176,211,36,63
111,46,1197,256,52,73
111,47,1243,205,12,54
111,49,1217,207,59,66
112,1,561,243,42,73
112,2,523,374,47,98
112,3,-46,191,31,87
112,4,890,170,34,62
112,6,728,334,38,86
112,9,175,262,38,84
112,11,202,124,28,58
112,12,-70,380,48,103
112,17,10,464,54,120
112,22,461,128,28,57
112,27,-95,181,26,72
112,28,630,325,39,72
112,32,883,347,46,101
112,38,437,259,42,77
112,41,863,321,33,68
112,42,942,412,32,57
112,43,1175,212,35,62
112,46,1195,256,50,73
112,47,1240,204,12,52
112,49,1214,208,56,65
113,1,555,243,43,73
113,2,517,375,46,97
113,3,-60,191,32,87
113,4,886,170,34,62
113,6,720,333,38,86
113,9,164,261,38,86
113,11,189,123,29,58
113,12,-78,379,48,105
113,17,1,465,53,118
113,22,454,127,26,58
113,27,-108,181,26,72
113,28,630,324,41,74
113,32,879,348,47,100
113,38,428,258,42,78
113,41,854,320,34,69
113,42,941,413,32,57
113,43,1172,212,35,60
113,46,1193,250,52,78
113,47,1238,204,11,50
113,49,1214,208,51,59
114,1,551,242,43,74
114,2,516,377,44,96
114,3,-74,191,32,88
114,4,879,169,34,61
114,6,710,331,38,82
114,9,154,261,37,86
114,11,176,123,29,58
114,12,-86,379,48,105
114,17,-1,466,50,116
114,22,445,127,26,58
114,27,-122,181,27,72
114,28,627,323,43,75
114,32,873,348,49,100
114,38,419,258,42,78
114,41,844,319,35,69
114,42,940,414,32,58
114,43,1165,212,38,64
114,46,1188,250,51,78
114,47,1235,203,11,48
114,49,1217,208,45,52
115,1,548,241,42,75
115,2,513,377,44,97
115,3,-88,191,32,88
115,4,871,168,35,62
115,6,701,329,38,77
115,9,144,260,36,88
115,11,164,123,29,58
115,12,-94,379,48,105
115,17,-8,466,48,117
115,22,434,125,27,59
115,27,-135,180,27,73
115,28,623,322,43,76
115,32,871,348,50,100
115,38,410,258,42,78
115,41,836,319,35,69
115,42,939,416,32,58
115,43,1164,211,35,58
115,46,1182,248,52,79
115,47,1232,202,10,46
115,49,1216,207,43,51
116,1,541,241,42,75
116,2,508,376,45,98
116,3,-103,191,33,89
116,4,865,167,34,62
116,6,695,329,38,74
116,9,133,260,34,87
116,11,151,122,30,59
116,12,-102,378,48,106
116,17,-13,467,46,118
116,22,424,125,27,59
116,27,-148,180,27,74
116,28,617,320,43,78
116,32,872,349,49,99
116,38,401,258,42,78
116,41,826,319,35,69
116,42,938,417,33,58
116,43,1166,211,33,55
116,46,1177,246,51,79
116,47,1229,202,10,44
116,49,1208,206,52,64
117,1,533,240,42,76
117,2,503,375,45,98
117,3,-117,191,33,90
117,4,859,166,35,63
117,6,688,328,39,73
117,9,120,260,35,87
117,11,139,121,30,60
117,12,-111,378,49,106
117,17,-21,467,46,118
117,22,414,124,28,60
117,27,-161,180,27,74
117,28,613,317,43,81
117,32,864,350,50,98
117,38,392,258,42,78
117,41,816,318,35,70
117,42,937,418,33,59
117,43,1160,211,35,59
117,46,1173,246,50,76
117,49,1203,206,56,69
118,1,525,239,42,77
118,2,500,373,46,97
118,3,-131,191,33,90
118,4,858,166,34,63
118,6,682,327,41,73
118,9,108,260,35,88
118,11,127,120,30,60
118,12,-119,378,49,107
118,17,-29,467,46,118
118,22,405,125,28,59
118,27,-174,180,27,74
118,28,609,314,44,84
118,32,862,350,50,97
118,38,383,258,42,78
118,41,804,318,36,71
118,42,936,419,33,60
118,43,1156,212,39,66
118,46,1170,243,50,77
118,49,1200,207,55,70
119,1,517,240,43,76
119,2,504,372,45,95
119,3,-145,191,33,91
119,4,853,167,33,62
119,6,671,324,45,77
119,9,95,260,36,88
119,11,115,120,30,60
119,12,-127,378,49,107
119,17,-37,467,46,119
119,22,395,124,28,59
119,27,-187,180,27,74
119,28,605,312,44,85
119,32,860,348,50,99
119,38,374,258,42,78
119,41,794,317,37,72
119,42,935,421,33,59
119,43,1151,211,41,70
119,46,1166,243,49,76
119,49,1196,207,54,72
120,1,515,241,41,75
120,2,502,372,45,95
120,3,-159,191,33,91
120,4,844,168,32,62
120,6,662,322,46,78
120,9,81,260,37,88
120,11,103,120,30,60
120,12,-135,377,49,108
120,17,-45,468,46,118
120,22,385,124,28,59
120,27,-200,180,27,74
120,28,599,310,45,85
120,32,854,346,51,99
120,38,365,258,43,78
120,41,783,316,38,73
120,42,934,422,34,60
120,43,1144,210,42,72
120,46,1162,242,49,76
120,47,1209,206,18,72
120,49,1192,207,56,73
121,1,509,243,39,73
121,2,496,373,43,93
121,3,-173,192,33,91
121,4,836,168,31,62
121,6,654,321,47,77
121,9,65,260,38,89
121,11,86,117,30,63
121,12,-143,377,49,108
121,17,-53,468,47,119
121,22,375,124,28,59
121,27,-213,180,27,74
121,28,594,309,45,85
121,32,847,344,52,98
121,38,356,258,43,78
121,41,770,315,40,73
121,42,933,423,34,60
121,43,1143,209,38,65
121,46,1153,242,48,76
121,47,1201,206,20,71
121,49,1189,207,57,75
122,1,498,243,38,73
122,2,487,372,43,94
122,3,-188,192,34,92
122,4,827,167,31,62
122,6,657,319,43,73
122,9,48,260,39,89
122,11,71,117,30,63
122,12,-151,377,49,108
122,17,-61,468,47,119
122,22,365,125,27,57
122,27,-226,180,27,74
122,28,588,309,43,84
122,32,840,343,53,98
122,38,347,258,43,78
122,41,757,314,43,75
122,43,1143,209,33,58
122,46,1143,242,47,75
122,47,1196,205,19,62
122,49,1186,207,58,77
123,1,490,244,36,72
123,2,482,370,43,97
123,3,-202,192,34,92
123,4,816,167,32,61
123,6,649,318,44,75
123,9,31,260,39,89
123,11,56,117,30,63
123,12,-159,376,49,109
123,17,-69,469,47,119
123,22,353,124,27,58
123,27,-239,179,27,75
123,28,581,310,43,83
123,32,842,342,51,98
123,38,338,258,43,78
123,41,747,313,44,76
123,43,1141,209,30,53
123,46,1133,243,46,74
123,47,1192,205,19,62
123,49,1169,204,54,74
124,1,481,243,36,73
124,2,475,368,44,98
124,3,-216,192,34,93
124,4,807,166,33,63
124,6,641,317,45,78
124,9,15,259,39,90
124,11,41,117,31,63
124,12,-168,376,50,110
124,17,-78,469,48,119
124,22,340,123,28,61
124,27,-252,179,27,75
124,28,573,310,43,83
124,32,835,342,52,99
124,38,329,258,43,78
124,41,736,311,45,79
124,43,1137,209,30,52
124,46,1123,237,49,78
124,47,1188,205,20,62
124,49,1162,204,54,75
125,1,472,242,38,75
125,2,469,367,45,98
125,3,-230,192,34,93
125,4,801,166,34,64
125,6,637,317,44,77
125,9,2,259,39,91
125,11,27,116,32,64
125,12,-176,376,50,110
125,17,-86,469,48,120
125,22,330,122,29,63
125,27,-265,179,27,75
125,28,566,309,44,84
125,32,832,343,51,99
125,38,320,258,43,78
125,41,729,311,45,79
125,43,1133,210,33,58
125,46,1117,238,48,77
125,47,1185,205,19,61
125,49,1162,205,53,75
126,1,467,242,39,75
126,2,467,366,46,98
126,3,-244,192,34,94
126,4,796,166,35,65
126,6,634,316,44,77
126,9,-6,259,38,90
126,11,15,116,33,63
126,12,-184,376,51,110
126,17,-94,469,48,120
126,22,323,122,29,62
126,27,-278,179,28,76
126,28,564,307,44,83
126,32,833,343,50,100
126,38,311,257,43,79
126,41,723,310,46,81
126,43,1134,210,31,58
126,46,1115,240,47,74
126,47,1181,204,19,62
126,49,1164,206,52,74
127,1,463,242,41,76
127,2,476,366,46,99
127,3,-258,192,34,95
127,4,793,168,34,63
127,6,629,314,46,80
127,9,-11,259,36,90
127,11,5,115,32,63
127,12,-192,375,51,111
127,17,-102,470,48,119
127,22,317,123,29,61
127,27,-291,179,28,76
127,28,564,305,43,82
127,32,833,342,50,100
127,38,302,257,43,79
127,41,716,310,45,81
127,43,1136,211,33,63
127,46,1113,240,46,73
127,47,1177,204,20,62
127,49,1163,207,51,75
128,1,460,242,41,76
128,2,481,368,46,98
128,3,-272,192,34,95
128,4,793,169,34,62
128,6,625,312,48,82
128,9,-14,258,34,93
128,11,-2,116,30,61
128,12,-200,375,51,111
128,17,-110,470,48,120
128,22,311,123,29,62
128,27,-305,179,29,76
128,28,565,304,40,81
128,32,832,341,50,101
128,38,293,257,43,79
128,41,710,310,45,82
128,43,1138,211,34,65
128,46,1111,238,48,76
128,47,1174,204,19,61
128,49,1161,207,50,76
128,52,1254,507,21,85
129,1,455,242,42,76
129,2,480,369,45,98
129,3,-287,192,35,96
129,4,792,168,34,64
129,6,622,311,49,81
129,9,-26,258,35,93
129,11,-8,116,29,61
129,12,-208,375,51,112
129,17,-118,470,48,120
129,22,306,124,27,61
129,27,-318,179,29,76
129,28,564,304,39,81
129,32,829,339,51,102
129,38,284,257,43,79
129,41,703,310,46,84
129,43,1137,210,35,70
129,46,1108,239,47,74
129,47,1170,204,19,61
129,49,1163,207,48,76
129,52,1251,507,21,91
130,1,453,243,41,76
130,2,470,370,45,97
130,3,-301,192,36,96
130,4,786,167,34,64
130,6,620,309,51,81
130,9,-38,258,36,93
130,11,-20,116,30,61
130,12,-217,374,52,113
130,17,-126,471,48,120
130,22,300,124,27,62
130,27,-331,178,29,77
130,28,560,302,40,83
130,32,838,338,42,86
130,38,275,257,43,79
130,41,696,310,47,85
130,43,1135,211,36,73
130,46,1106,239,46,72
130,47,1166,204,20,61
130,49,1161,205,47,77
130,52,1247,508,23,95
131,1,453,242,40,76
131,2,466,369,44,97
131,3,-315,192,36,97
131,4,781,166,33,63
131,6,620,308,51,81
131,9,-49,257,36,95
131,11,-31,116,30,61
131,12,-225,374,52,113
131,17,-134,471,48,120
131,22,294,124,26,61
131,27,-344,178,29,77
131,28,558,300,39,80
131,32,842,337,39,79
131,38,266,257,43,79
131,41,689,310,47,85
131,43,1132,212,36,76
131,46,1101,240,46,70
131,47,1163,204,19,60
131,49,1158,205,46,78
131,52,1243,508,25,101
132,1,448,241,40,78
132,2,463,368,44,98
132,3,-329,192,36,98
132,4,775,166,35,63
132,6,622,307,51,82
132,9,-61,257,37,95
132,11,-43,116,30,60
132,12,-233,374,52,113
132,17,-142,471,48,121
132,22,286,123,26,63
132,27,-357,178,29,77
132,28,557,299,39,78
132,32,841,339,45,93
132,38,257,257,43,79
132,41,681,310,47,84
132,43,1131,214,34,75
132,46,1098,242,44,66
132,47,1159,203,19,61
132,49,1155,205,46,79
132,52,1240,508,25,106
133,1,443,240,40,79
133,2,461,367,43,99
133,3,-343,192,36,98
133,4,774,166,34,64
133,6,621,306,53,83
133,9,-72,257,36,95
133,11,-55,115,31,61
133,12,-241,374,52,113
133,17,-150,471,48,121
133,22,277,122,28,64
133,27,-370,178,29,77
133,28,554,298,40,79
133,32,838,341,45,96
133,38,249,257,42,79
133,41,675,309,46,85
133,43,1130,214,32,71
133,46,1096,244,43,63
133,47,1156,203,19,61
133,49,1155,207,45,78
133,52,1252,493,26,108
134,1,439,240,40,78
134,2,460,366,43,99
134,3,-357,192,36,99
134,4,773,166,35,66
134,6,621,303,52,83
134,9,-84,257,37,96
134,11,-66,115,30,61
134,12,-249,373,52,114
134,17,-158,472,48,121
134,22,270,122,28,64
134,27,-383,178,29,77
134,28,553,298,40,79
134,32,840,342,45,97
134,38,240,257,42,79
134,41,671,307,45,86
134,43,1126,213,35,78
134,46,1089,246,43,62
134,47,1152,203,19,60
134,49,1155,209,45,76
134,52,1252,492,26,109
135,1,436,240,40,77
135,2,459,366,43,99
135,3,-372,192,37,99
135,4,768,167,34,65
135,6,617,301,54,84
135,9,-95,257,37,96
135,11,-78,115,30,61
135,12,-257,373,52,115
135,17,-166,472,48,121
135,22,263,122,28,64
135,27,-396,178,29,77
135,28,552,297,39,79
135,32,837,342,46,98
135,38,231,257,42,79
135,41,666,305,45,89
135,43,1121,213,37,82
135,46,1083,247,43,61
135,47,1148,203,19,60
135,49,1155,210,44,76
135,52,1251,491,27,113
135,55,1258,269,17,87
136,1,431,241,40,77
136,2,458,367,43,99
136,3,-386,192,37,100
136,4,765,168,32,64
136,6,615,300,54,84
136,9,-107,257,37,96
136,11,-90,115,30,60
136,17,-174,472,48,121
136,22,256,123,28,62
136,28,547,296,40,80
136,32,833,340,47,101
136,38,222,257,42,79
136,41,662,306,43,88
136,43,1120,213,38,82
136,46,1075,247,43,61
136,47,1145,203,19,60
136,49,1152,211,44,76
136,52,1249,489,29,118
136,55,1258,269,17,86
137,1,427,241,39,77
137,2,454,368,44,99
137,3,-400,192,37,101
137,4,761,169,31,63
137,6,615,300,54,83
137,9,-118,256,37,98
137,11,-101,114,30,61
137,17,-182,472,48,122
137,22,249,124,27,61
137,28,543,293,41,82
137,32,830,338,47,100
137,38,213,257,43,79
137,41,662,322,34,72
137,43,1124,214,32,70
137,46,1066,246,44,62
137,47,1141,203,19,59
137,49,1149,214,42,74
137,52,1248,487,29,122
137,55,1256,268,18,86
138,1,426,243,37,75
138,2,447,369,43,98
138,3,-414,192,37,101
138,4,756,169,30,62
138,6,622,300,51,84
138,9,-130,256,38,98
138,11,-113,114,30,61
138,17,-190,473,48,121
138,22,243,125,27,60
138,28,541,290,40,79
138,32,835,337,46,98
138,38,204,257,43,79
138,41,658,327,31,67
138,43,1119,216,38,78
138,46,1054,244,46,64
138,47,1137,202,19,60
138,49,1145,215,40,72
138,52,1256,502,25,107
138,55,1252,266,19,89
139,1,422,243,36,75
139,2,442,369,42,98
139,3,-428,192,37,102
139,4,749,168,32,64
139,6,626,300,56,91
139,9,-141,256,37,98
139,11,-125,114,30,60
139,17,-199,473,49,122
139,22,236,125,26,60
139,28,537,288,39,77
139,32,837,336,45,98
139,38,195,257,43,79
139,41,651,329,31,65
139,43,1118,217,36,78
139,46,1041,241,47,67
139,47,1134,202,18,60
139,49,1143,216,39,71
139,52,1253,503,25,105
139,55,1247,264,20,90
140,1,415,243,37,76
140,2,437,367,42,100
140,4,743,167,34,67
140,6,629,302,56,92
140,9,-153,256,38,99
140,11,-136,114,30,60
140,17,-207,473,49,122
140,22,227,125,26,61
140,28,534,287,39,78
140,32,828,336,46,99
140,38,186,256,43,80
140,41,644,330,31,64
140,43,1118,218,37,79
140,46,1027,239,48,69
140,47,1130,202,19,60
140,49,1140,217,39,72
140,52,1248,503,27,104
140,55,1242,263,22,89
141,1,409,242,38,77
141,2,432,364,43,102
141,4,743,167,33,68
141,6,619,300,58,93
141,9,-164,256,38,99
141,11,-148,113,30,61
141,17,-215,474,49,122
141,22,217,124,27,63
141,28,530,286,39,79
141,32,826,338,46,98
141,41,638,332,29,62
141,43,1114,219,36,79
141,46,1011,237,50,71
141,47,1126,202,19,59
141,49,1134,218,38,73
141,52,1244,500,29,104
141,55,1234,263,23,88
142,1,403,241,38,76
142,2,428,361,42,102
142,4,734,168,33,67
142,6,609,299,60,96
142,9,-176,255,38,100
142,11,-160,113,30,61
142,17,-223,474,49,122
142,22,207,124,28,63
142,28,525,285,38,80
142,32,827,338,45,98
142,41,631,334,29,61
142,43,1111,218,38,81
142,46,994,237,49,71
142,47,1123,202,18,59
142,49,1130,219,39,73
142,52,1243,499,29,106
142,55,1230,264,25,85
143,1,396,242,40,74
143,2,422,359,42,98
143,4,729,170,33,65
143,6,605,301,59,94
143,9,-187,255,38,101
143,11,-171,113,30,60
143,17,-231,474,49,123
143,22,198,124,28,63
143,28,519,283,38,81
143,32,823,337,46,100
143,41,625,335,28,60
143,43,1106,218,40,82
143,46,978,236,48,72
143,47,1119,202,19,59
143,49,1127,220,39,72
143,52,1246,500,28,98
143,55,1223,265,26,83
144,1,390,243,39,74
144,2,417,357,41,97
144,4,726,172,31,64
144,6,600,306,56,90
144,9,-199,255,39,101
144,11,-183,113,30,60
144,17,-239,474,49,123
144,22,189,124,27,63
144,28,513,281,38,79
144,32,818,337,48,98
144,41,618,337,28,58
144,43,1103,220,41,80
144,46,963,237,47,72
144,47,1115,202,19,58
144,49,1124,221,39,72
144,52,1251,502,28,99
144,55,1215,266,28,78
145,1,385,243,40,75
145,2,408,356,44,102
145,4,720,172,32,64
145,6,592,309,55,89
145,9,-211,255,39,101
145,11,-195,113,30,60
145,17,-247,475,49,122
145,22,181,126,27,62
145,28,509,280,37,77
145,32,827,336,41,85
145,41,612,339,27,56
145,43,1101,221,42,81
145,46,950,237,46,73
145,47,1112,201,18,59
145,49,1121,222,39,72
145,52,1249,502,29,101
145,55,1209,266,28,78
146,1,387,244,34,67
146,2,401,357,46,103
146,4,714,172,31,63
146,6,586,311,55,87
146,9,-222,255,39,102
146,11,-206,112,30,61
146,17,-255,475,49,123
146,22,174,128,26,60
146,28,506,280,36,77
146,32,829,336,44,92
146,41,626,299,29,59
146,43,1097,223,43,81
146,46,937,237,45,73
146,47,1108,201,19,59
146,49,1118,223,38,72
146,52,1245,499,31,105
146,55,1201,266,30,79
147,1,381,243,37,73
147,2,395,358,47,106
147,4,708,172,33,64
147,6,581,312,53,87
147,9,-234,255,40,102
147,11,-218,112,30,60
147,22,167,129,25,59
147,28,501,279,36,78
147,32,831,337,44,96
147,41,623,297,34,69
147,43,1092,223,43,82
147,46,924,236,45,75
147,47,1105,201,18,58
147,49,1115,224,38,72
147,52,1242,496,32,106
147,55,1193,265,32,80
148,1,376,243,38,75
148,2,389,360,48,105
148,4,705,172,33,66
148,6,577,312,52,87
148,9,-245,254,39,103
148,11,-230,112,30,60
148,22,158,131,26,59
148,28,497,277,37,80
148,32,825,338,46,98
148,41,619,294,38,76
148,43,1095,224,41,81
148,46,911,236,45,75
148,47,1101,201,18,58
148,49,1082,222,37,73
148,52,1241,495,33,108
148,55,1188,265,35,80
149,1,371,243,39,75
149,2,385,363,46,103
149,4,701,173,34,66
149,6,575,311,50,87
149,9,-257,254,40,104
149,11,-241,112,30,60
149,22,150,132,27,58
149,28,492,273,36,80
149,32,829,340,45,97
149,41,622,292,39,79
149,43,1094,224,41,82
149,46,899,235,45,75
149,47,1097,201,19,58
149,49,1077,221,37,75
149,52,1250,499,28,93
149,55,1187,266,35,78
150,1,367,243,40,76
150,2,378,367,47,102
150,4,698,174,34,67
150,6,570,311,50,89
150,9,-268,254,40,104
150,11,-253,111,30,60
150,22,143,132,28,59
150,28,489,271,35,78
150,32,828,339,47,100
150,41,626,292,40,81
150,43,1094,224,41,83
150,46,887,236,43,73
150,47,1094,201,18,57
150,49,1072,220,37,76
150,52,1250,499,28,92
150,55,1186,266,36,78
151,1,365,244,41,75
151,2,370,370,48,100
151,4,697,176,34,66
151,6,565,310,50,90
151,9,-280,254,40,104
151,11,-265,111,30,60
151,22,136,133,29,58
151,28,486,270,34,76
151,32,829,339,47,97
151,41,628,292,40,84
151,43,1094,225,41,82
151,46,874,237,41,72
151,47,1090,200,18,58
151,49,1066,219,39,78
151,52,1256,502,28,96
151,55,1183,266,37,79
152,1,362,245,41,75
152,2,361,371,49,100
152,4,697,177,33,65
152,6,562,311,48,90
152,9,-291,254,40,105
152,11,-276,111,29,60
152,22,130,135,30,57
152,28,483,269,34,76
152,32,834,338,46,95
152,41,630,293,38,84
152,43,1094,227,41,81
152,46,859,237,40,73
152,47,1086,200,18,58
152,49,1061,218,40,79
152,52,1256,514,25,85
152,55,1181,266,38,80
153,1,366,245,39,75
153,2,353,371,50,100
153,4,694,177,33,66
153,6,559,311,46,90
153,9,-303,253,41,106
153,11,-288,111,30,60
153,22,128,135,30,58
153,28,480,268,34,77
153,32,843,337,43,90
153,41,629,293,40,86
153,43,1093,228,41,84
153,46,848,238,39,72
153,49,1057,218,41,78
153,52,1254,523,23,76
153,55,1179,266,40,80
154,1,363,246,39,75
154,2,346,371,50,101
154,4,692,177,32,65
154,6,557,313,45,87
154,9,-314,253,40,106
154,11,-300,110,30,60
154,22,125,136,30,58
154,28,478,267,34,79
154,32,848,337,44,94
154,41,627,291,41,89
154,43,1093,230,39,82
154,46,837,239,40,73
154,49,1053,217,44,82
154,52,1254,525,23,75
154,55,1179,266,41,80
155,1,362,245,39,77
155,2,342,372,49,99
155,4,689,177,33,66
155,6,555,314,43,87
155,9,-326,253,41,107
155,11,-311,110,29,60
155,22,119,136,31,59
155,28,475,264,34,83
155,32,845,337,45,97
155,41,627,290,42,89
155,43,1094,231,38,82
155,46,828,239,40,74
155,49,1050,216,44,83
155,52,1255,528,22,72
155,55,1180,267,42,79
156,1,359,244,39,78
156,2,340,373,50,98
156,4,692,177,34,68
156,6,552,315,42,86
156,9,-337,253,40,107
156,11,-323,110,30,60
156,22,112,136,32,59
156,28,471,262,35,84
156,32,849,338,45,98
156,41,628,289,43,86
156,43,1092,231,38,83
156,46,817,239,40,75
156,49,1048,215,43,83
156,52,1255,530,21,70
156,55,1179,269,41,77
157,1,355,243,40,78
157,2,340,373,50,99
157,4,694,178,33,67
157,6,547,315,42,86
157,9,-349,253,41,107
157,11,-335,110,30,59
157,22,106,136,33,60
157,28,467,260,34,82
157,32,850,337,46,99
157,41,638,289,43,85
157,43,1089,231,39,83
157,46,806,238,41,76
157,49,1043,213,43,85
157,52,1255,533,21,67
157,55,1177,270,41,75
158,1,352,242,39,78
158,2,339,373,50,100
158,4,690,180,33,66
158,6,541,315,42,85
158,9,-361,253,42,108
158,11,-346,109,29,60
158,22,101,137,34,60
158,28,462,259,34,78
158,32,851,337,47,97
158,41,643,289,42,85
158,43,1086,231,40,83
158,46,789,236,43,78
158,49,1038,212,43,85
158,52,1256,535,20,66
158,55,1177,270,41,75
159,1,348,242,40,77
159,2,335,371,51,102
159,4,690,181,32,65
159,6,535,315,43,85
159,11,-358,109,30,60
159,22,95,138,34,59
159,28,459,258,33,75
159,32,852,336,48,94
159,41,647,289,41,86
159,43,1084,231,41,84
159,46,776,235,43,77
159,49,1033,212,43,85
159,52,1256,538,19,63
159,55,1173,270,44,76
160,1,351,243,39,75
160,2,329,370,52,103
160,4,688,180,31,65
160,6,531,315,43,83
160,22,90,139,34,59
160,28,456,258,35,75
160,32,865,335,48,95
160,41,648,288,41,88
160,43,1081,231,43,85
160,46,764,234,42,76
160,49,1029,212,42,85
160,52,1256,540,19,61
160,55,1167,269,46,79
161,1,347,245,39,74
161,2,323,369,53,104
161,4,683,179,31,66
161,6,529,315,43,83
161,22,85,139,34,59
161,28,455,258,35,75
161,32,874,338,47,94
161,41,645,287,43,89
161,43,1078,232,43,85
161,46,752,234,42,76
161,49,1024,213,42,84
161,52,1257,543,18,59
161,55,1161,269,49,79
162,1,348,246,37,74
162,2,318,370,52,100
162,4,678,178,32,67
162,6,527,315,43,82
162,22,82,139,32,58
162,28,451,256,36,77
162,32,873,337,46,95
162,41,644,285,44,92
162,43,1077,232,42,85
162,46,741,234,42,77
162,49,1021,214,41,83
162,52,1257,545,17,57
162,55,1158,269,49,79
163,1,344,247,36,73
163,2,314,372,50,97
163,4,673,177,33,67
163,6,526,313,44,85
163,22,75,138,33,60
163,28,445,254,37,79
163,32,876,339,45,93
163,41,644,283,43,88
163,43,1077,231,41,85
163,46,731,236,42,76
163,49,1018,215,41,82
163,52,1257,548,17,54
163,55,1158,269,49,79
164,1,338,247,36,74
164,2,311,373,49,96
164,4,671,177,35,67
164,6,521,311,45,87
164,22,66,138,34,60
164,28,440,251,36,79
164,32,874,336,47,97
164,41,645,282,44,85
164,43,1073,230,41,86
164,46,721,238,41,75
164,49,1015,217,42,80
164,52,1258,550,16,53
164,55,1160,269,48,78
165,1,333,245,37,76
165,2,309,375,48,93
165,4,673,177,33,67
165,6,516,309,45,87
165,22,59,137,35,61
165,28,434,249,36,78
165,32,872,333,49,100
165,41,654,281,43,86
165,43,1068,229,41,87
165,46,710,241,41,72
165,49,1010,218,43,78
165,52,1258,553,15,50
165,55,1159,269,48,80
166,1,327,244,38,76
166,2,303,375,47,94
166,4,671,177,32,67
166,6,510,306,45,88
166,22,53,137,35,61
166,28,430,248,35,74
166,32,880,331,45,93
166,41,656,281,43,87
166,43,1063,229,42,86
166,46,700,241,41,71
166,49,1002,218,44,79
166,52,1258,555,15,48
166,55,1155,269,48,81
167,1,322,243,39,77
167,2,297,374,48,95
167,4,667,178,31,67
167,6,504,304,46,88
167,22,50,138,34,60
167,28,428,247,35,75
167,32,887,329,38,77
167,41,658,281,42,87
167,43,1060,229,41,86
167,46,689,242,40,69
167,49,991,218,46,79
167,52,1259,558,14,45
167,55,1151,270,48,81
168,1,320,243,40,77
168,2,291,373,50,96
168,4,662,178,31,67
168,6,501,304,45,86
168,22,43,139,34,59
168,28,424,247,35,75
168,32,890,328,44,91
168,41,657,280,41,88
168,43,1056,230,41,85
168,46,680,242,37,64
168,49,982,217,47,80
168,52,1259,560,13,44
168,55,1149,271,47,81
169,1,320,244,39,77
169,2,285,372,51,97
169,4,657,178,31,67
169,6,498,304,44,86
169,22,40,139,33,59
169,28,419,245,35,77
169,32,891,328,46,96
169,41,655,278,42,90
169,43,1054,230,40,84
169,46,671,242,34,59
169,49,975,217,48,80
169,52,1259,563,13,41
169,55,1149,272,46,81
170,1,317,245,39,76
170,2,281,371,52,97
170,4,651,177,32,67
170,6,498,304,43,86
170,22,33,139,34,59
170,28,412,243,36,79
170,32,892,328,45,99
170,41,655,277,43,88
170,43,1052,230,39,84
170,46,657,241,38,66
170,49,970,215,48,82
170,52,1260,565,12,39
170,55,1149,273,45,79
171,1,313,245,37,77
171,2,288,372,50,97
171,4,647,176,31,66
171,6,496,305,42,85
171,22,24,139,35,60
171,28,404,240,37,80
171,32,891,329,45,99
171,41,651,273,45,88
171,43,1048,230,39,84
171,46,645,237,41,72
171,49,966,213,50,83
171,52,1260,568,12,37
171,55,1149,273,45,80
172,1,309,244,38,78
172,2,287,373,48,97
172,4,651,176,26,55
172,6,491,307,40,83
172,22,15,138,36,62
172,28,398,239,37,79
172,32,893,328,45,101
172,41,659,271,45,88
172,43,1043,229,39,85
172,46,637,242,38,68
172,49,964,212,49,84
172,52,1261,570,10,35
172,55,1146,273,45,79
173,1,304,242,39,80
173,2,279,374,49,96
173,4,648,177,31,65
173,6,484,306,41,84
173,22,8,138,37,63
173,28,394,237,37,78
173,32,891,327,46,100
173,41,663,271,44,87
173,43,1038,228,41,86
173,46,627,245,36,65
173,49,962,210,48,85
173,52,1261,573,10,32
173,55,1141,272,46,80
174,1,299,242,39,79
174,2,278,373,49,98
174,4,646,178,30,64
174,6,477,302,44,87
174,22,5,139,36,63
174,28,390,237,36,75
174,32,890,326,45,96
174,41,663,271,44,88
174,43,1035,228,40,86
174,46,618,245,36,65
174,49,958,209,47,85
174,52,1261,575,10,30
174,55,1136,271,48,81
175,1,294,240,40,79
175,2,273,371,49,100
175,4,644,178,28,62
175,6,474,301,44,85
175,22,0,140,35,62
175,28,387,237,36,74
175,32,891,325,45,97
175,41,662,271,44,89
175,43,1032,228,40,86
175,46,607,239,40,71
175,49,954,209,45,86
175,55,1133,270,49,82
176,1,290,241,41,77
176,2,268,370,50,102
176,4,639,177,28,61
176,6,470,300,44,85
176,22,-4,140,33,63
176,28,385,237,37,74
176,32,908,324,46,99
176,41,660,270,43,91
176,43,1031,228,40,85
176,46,597,238,42,72
176,49,949,210,44,85
176,55,1131,269,50,83
177,1,290,242,41,77
177,2,263,368,51,102
177,4,633,176,29,63
177,6,466,301,45,84
177,22,-8,139,30,60
177,28,380,235,38,77
177,32,911,325,46,100
177,41,659,268,43,93
177,43,1028,228,39,86
177,46,594,238,40,70
177,49,944,212,42,83
177,55,1132,268,50,84
177,71,71,241,37,85
178,1,292,242,39,78
178,2,260,368,52,100
178,4,626,175,31,66
178,6,465,301,44,84
178,22,-9,139,26,56
178,28,375,233,38,79
178,32,915,326,44,100
178,41,658,266,44,95
178,43,1023,228,39,85
178,46,586,237,41,73
178,49,940,214,40,81
178,55,1134,266,50,87
178,71,68,240,38,86
179,1,290,242,38,78
179,2,258,368,52,99
179,4,622,175,33,67
179,6,465,300,44,86
179,22,-14,139,26,55
179,28,372,231,35,75
179,32,913,325,45,101
179,41,657,265,43,91
179,43,1017,227,39,85
179,46,579,237,39,70
179,49,934,216,40,79
179,55,1131,265,52,88
179,71,71,239,38,85
180,1,285,243,38,78
180,2,265,370,49,98
180,4,618,175,35,68
180,6,462,298,45,89
180,22,-20,139,26,55
180,28,367,229,36,76
180,32,911,324,46,102
180,41,657,263,43,89
180,43,1012,227,39,85
180,46,575,238,37,70
180,49,928,217,41,77
180,55,1128,264,51,89
180,71,70,239,38,85
181,1,280,241,39,80
181,2,259,370,50,99
181,4,615,175,36,69
181,6,457,295,46,92
181,22,-25,139,25,54
181,28,363,227,36,76
181,32,911,321,46,103
181,41,658,263,43,87
181,43,1008,227,40,85
181,46,567,240,39,71
181,49,920,218,41,76
181,55,1125,264,51,87
181,71,69,238,38,85
182,1,274,240,40,81
182,2,259,370,49,99
182,4,613,177,36,68
182,6,452,293,46,91
182,22,-30,140,26,53
182,28,360,226,35,74
182,32,918,320,45,98
182,41,662,263,43,87
182,43,1006,229,38,82
182,46,562,242,38,70
182,49,911,218,43,76
182,55,1123,265,51,87
182,71,68,237,38,86
183,1,268,239,40,81
183,2,255,369,49,100
183,4,613,177,34,68
183,6,448,292,45,89
183,22,-36,140,26,52
183,28,357,225,34,74
183,32,923,319,45,100
183,41,663,264,42,88
183,43,1004,230,37,81
183,46,555,244,39,69
183,49,905,220,44,73
183,55,1124,266,49,85
183,71,67,236,38,86
184,1,262,239,41,81
184,2,250,368,50,102
184,4,609,177,34,68
184,6,445,291,44,87
184,22,-41,140,25,52
184,28,354,226,34,75
184,32,919,319,46,101
184,41,662,265,42,88
184,43,998,231,37,79
184,46,547,244,39,69
184,49,902,220,44,73
184,55,1124,267,47,85
184,71,46,236,40,89
185,1,265,240,40,80
185,2,244,368,50,101
185,4,604,176,33,67
185,6,440,292,44,86
185,22,-46,140,24,51
185,28,349,226,34,76
185,32,917,319,46,101
185,41,660,264,42,90
185,43,990,231,37,79
185,46,538,244,40,70
185,49,899,221,44,72
185,55,1117,268,48,85
185,71,39,236,40,85
186,1,262,242,40,80
186,2,237,368,52,101
186,4,596,175,34,68
186,6,435,293,43,86
186,22,-52,140,25,51
186,28,342,225,34,77
186,32,919,319,46,102
186,41,654,263,43,90
186,43,981,231,39,80
186,46,525,244,41,71
186,49,895,222,45,72
186,55,1109,268,47,85
186,71,35,235,40,85
187,1,255,244,38,79
187,2,234,368,52,101
187,4,588,175,36,69
187,6,430,294,42,86
187,22,-57,140,24,50
187,28,331,224,34,78
187,32,915,318,46,104
187,41,647,261,42,88
187,43,972,231,40,79
187,46,510,244,42,75
187,49,888,222,45,72
187,55,1100,268,49,85
187,71,32,234,39,85
188,1,245,245,37,80
188,2,236,370,49,100
188,4,587,175,36,70
188,6,424,295,41,85
188,22,-63,140,24,50
188,28,323,223,34,79
188,32,910,317,47,103
188,41,640,261,45,87
188,43,965,231,40,77
188,46,495,245,42,76
188,49,878,222,47,73
188,55,1094,269,49,83
188,71,28,234,39,85
189,1,235,246,38,80
189,2,227,372,48,97
189,4,583,177,35,69
189,6,416,293,41,88
189,22,-68,140,24,49
189,28,314,223,35,77
189,32,910,316,47,100
189,41,644,261,44,85
189,43,960,232,40,76
189,46,480,247,42,76
189,49,869,222,48,74
189,55,1088,269,50,84
189,71,24,233,39,85
190,1,225,245,38,82
190,2,219,373,46,98
190,4,573,178,34,69
190,6,405,291,42,89
190,22,-73,140,23,49
190,28,304,222,34,76
190,32,914,316,46,99
190,41,641,262,42,84
190,43,956,232,40,76
190,46,464,247,42,77
190,49,859,223,50,73
190,55,1085,271,51,82
190,71,20,232,39,86
191,1,213,243,38,82
191,2,210,373,47,100
191,4,564,180,33,66
191,6,394,290,42,88
191,22,-79,140,23,48
191,28,293,222,34,76
191,32,912,316,45,98
191,41,635,262,42,85
191,43,947,230,41,79
191,46,448,248,41,77
191,49,850,224,51,74
191,55,1084,272,51,81
191,71,3,236,35,76
192,1,201,242,39,81
192,2,200,371,48,102
192,4,554,181,33,65
192,6,384,289,44,87
192,22,-84,141,23,47
192,28,280,223,34,76
192,32,903,318,45,96
192,41,628,262,40,85
192,43,935,229,44,81
192,46,432,248,40,77
192,49,843,226,51,72
192,55,1077,272,52,80
192,71,-2,235,33,77
193,1,189,242,39,77
193,2,189,370,49,102
193,4,543,180,33,64
193,6,374,290,43,81
193,22,-90,141,23,46
193,28,270,223,35,76
193,32,900,318,46,95
193,41,619,261,41,86
193,43,923,228,44,81
193,46,413,248,41,78
193,49,837,226,49,72
193,55,1066,271,53,80
193,71,-7,233,34,82
194,1,187,241,33,67
194,2,178,369,50,102
194,4,531,179,34,66
194,6,363,293,42,77
194,22,-95,141,22,46
194,28,259,221,36,78
194,32,892,316,47,98
194,41,609,259,44,89
194,43,913,227,44,80
194,46,395,249,40,78
194,49,827,225,49,73
194,55,1054,270,55,82
194,71,-12,232,34,82
195,1,180,243,29,62
195,2,177,369,48,101
195,4,520,179,36,66
195,6,356,293,43,80
195,22,-100,141,22,45
195,28,246,219,36,78
195,32,883,313,48,96
195,41,600,257,43,88
195,43,902,227,44,80
195,46,378,252,39,78
195,49,816,225,49,73
195,55,1042,270,56,80
195,71,-17,232,34,82
196,1,169,246,33,72
196,2,169,370,46,100
196,4,510,179,37,66
196,6,345,293,44,81
196,22,-106,141,22,45
196,28,232,217,35,77
196,32,877,311,48,96
196,41,591,255,43,86
196,43,893,228,44,80
196,46,361,253,35,71
196,49,804,224,49,72
196,55,1042,270,54,82
196,71,-22,231,33,82
197,1,153,247,34,75
197,2,155,372,45,100
197,4,503,179,36,67
197,6,333,292,43,82
197,22,-111,141,21,44
197,28,216,215,36,77
197,32,874,310,48,95
197,41,590,255,42,84
197,43,886,227,41,76
197,46,336,254,38,76
197,49,792,223,49,72
197,55,1028,271,54,80
197,71,-28,230,34,83
198,1,140,248,32,70
198,2,144,373,44,99
198,4,490,179,36,68
198,6,318,288,46,86
198,22,-117,141,22,44
198,28,202,213,35,76
198,32,871,308,48,97
198,41,584,254,40,84
198,43,872,226,42,78
198,46,314,255,38,75
198,49,789,223,48,72
198,55,1019,270,53,81
198,71,-33,230,34,82
199,1,121,248,36,75
199,2,130,374,44,98
199,4,478,179,35,67
199,6,305,287,45,85
199,22,-122,141,21,43
199,28,188,213,35,75
199,32,864,308,47,97
199,41,574,255,40,84
199,43,858,224,43,80
199,46,293,255,39,75
199,49,773,223,48,72
199,55,1010,271,51,79
199,71,-38,229,35,83
200,1,112,247,36,76
200,2,115,373,46,98
200,4,464,179,34,66
200,6,291,285,46,85
200,22,-127,141,20,43
200,28,173,214,35,75
200,32,853,309,45,97
200,41,563,255,39,83
200,43,845,223,44,80
200,46,277,256,40,74
200,49,762,221,49,74
200,55,998,268,52,79
200,71,-43,228,35,83
201,1,96,246,38,77
201,2,100,371,48,100
201,4,451,178,34,64
201,6,278,283,46,85
201,22,-133,141,20,42
201,28,160,214,35,76
201,32,844,308,45,98
201,41,550,253,41,86
201,43,833,222,45,79
201,46,265,257,38,73
201,49,754,221,48,74
201,55,986,266,53,81
201,71,-49,228,35,83
202,1,87,245,38,78
202,2,86,370,51,101
202,4,437,177,36,65
202,6,265,282,48,86
202,22,-138,142,20,41
202,28,145,213,35,77
202,32,834,305,45,99
202,41,538,252,41,83
202,43,821,222,45,79
202,46,243,258,41,78
202,49,742,223,48,71
202,55,980,264,54,82
202,71,-54,227,35,83
202,72,1210,391,50,105
203,1,75,246,37,78
203,2,84,370,50,101
203,4,430,176,37,67
203,6,254,282,47,86
203,22,-144,142,20,40
203,28,128,211,36,78
203,32,823,303,46,99
203,41,526,251,42,81
203,43,812,222,44,79
203,46,224,259,42,79
203,49,729,221,50,74
203,55,976,262,53,82
203,71,-59,227,35,83
203,72,1197,390,49,102
204,1,56,247,38,78
204,2,75,371,49,101
204,4,421,176,36,68
204,6,245,284,45,85
204,22,-149,142,19,40
204,28,111,209,36,77
204,32,811,300,48,101
204,41,524,250,41,80
204,43,803,222,43,79
204,46,205,259,44,80
204,49,715,220,51,74
204,55,969,263,52,82
204,71,-64,226,35,83
204,72,1183,387,49,100
205,1,42,248,37,78
205,2,56,373,49,101
205,4,405,177,35,68
205,6,232,284,44,86
205,22,-154,142,19,39
205,28,95,207,37,79
205,32,812,299,47,102
205,41,516,249,41,80
205,43,790,220,42,79
205,46,186,259,45,78
205,49,713,219,49,73
205,55,952,263,51,82
205,71,-70,225,35,84
205,72,1167,384,48,97
206,1,25,247,39,80
206,2,45,375,48,99
206,4,392,177,36,68
206,6,218,284,43,84
206,22,-160,142,19,39
206,28,78,207,38,78
206,32,801,299,48,102
206,41,507,249,41,82
206,43,775,218,43,81
206,46,167,260,46,79
206,49,704,220,48,72
206,55,940,261,52,84
206,71,-75,225,35,83
206,72,1146,380,50,99
207,1,8,246,41,81
207,2,30,375,48,100
207,4,377,177,35,67
207,6,199,282,45,87
207,22,-165,142,18,38
207,28,64,206,38,79
207,32,789,300,48,100
207,41,494,249,41,82
207,43,761,217,44,81
207,46,149,260,47,79
207,49,694,219,47,74
207,55,930,260,51,83
207,71,-80,224,35,84
207,72,1125,376,49,97
208,1,0,245,39,78
208,2,14,374,50,102
208,4,363,176,34,65
208,6,182,280,46,87
208,22,-171,142,19,38
208,28,47,207,38,78
208,32,779,302,49,99
208,41,479,248,43,84
208,43,749,216,46,81
208,46,132,260,49,80
208,49,680,222,45,71
208,55,918,259,51,83
208,71,-86,224,36,83
208,72,1102,372,48,94
209,1,-7,244,39,79
209,2,5,372,50,100
209,4,348,175,36,65
209,6,168,279,47,87
209,28,29,207,37,79
209,32,773,301,49,99
209,41,466,246,44,85
209,43,737,216,46,81
209,46,115,261,49,81
209,49,666,222,45,71
209,55,903,257,54,86
209,71,-91,223,36,84
209,72,1080,368,48,94
210,1,-18,244,38,80
210,2,-1,371,49,100
210,4,334,174,38,66
210,6,154,279,48,86
210,28,11,207,38,79
210,32,762,298,50,102
210,41,454,244,44,83
210,43,725,217,44,80
210,46,100,263,48,79
210,49,652,219,46,74
210,55,892,257,55,86
210,71,-96,222,35,84
210,72,1059,365,48,95
211,1,-30,244,39,80
211,2,-8,371,47,100
211,4,329,174,38,68
211,6,148,279,47,87
211,28,-2,205,36,78
211,32,749,295,50,102
211,41,454,242,43,82
211,43,715,217,43,79
211,46,84,264,48,79
211,49,638,217,47,75
211,55,891,257,54,86
211,71,-101,222,35,84
211,72,1039,362,48,96
212,1,-42,244,40,80
212,2,-13,372,44,99
212,4,319,175,37,68
212,6,131,281,46,84
212,28,-10,203,34,77
212,32,738,293,51,103
212,41,448,242,42,81
212,43,703,215,41,80
212,46,71,264,47,78
212,49,626,214,49,78
212,55,886,258,51,85
212,71,-107,221,36,84
212,72,1019,359,47,96
213,1,-54,243,41,81
213,2,-23,372,44,99
213,4,303,176,37,68
213,6,119,281,46,85
213,28,-24,203,33,76
213,32,737,291,50,102
213,41,436,242,42,82
213,43,690,214,42,81
213,46,52,263,49,81
213,49,624,213,49,77
213,55,877,258,48,85
213,71,-112,221,36,84
213,72,999,357,47,95
214,1,-65,243,40,82
214,2,-33,372,44,99
214,4,292,176,37,68
214,6,108,280,47,87
214,28,-38,202,34,76
214,32,732,291,50,101
214,41,427,242,42,83
214,43,680,213,42,80
214,46,33,263,52,83
214,49,619,214,47,76
214,55,865,257,48,86
214,71,-117,220,36,84
214,72,981,355,45,93
215,1,-77,243,41,82
215,2,-43,372,44,99
215,4,280,175,37,69
215,6,95,278,48,90
215,28,-52,201,34,76
215,32,724,292,49,101
215,41,418,242,43,84
215,43,671,212,42,78
215,46,16,263,53,83
215,49,611,213,47,78
215,55,856,263,45,80
215,71,-122,219,35,85
215,72,964,355,45,91
216,1,-89,243,41,82
216,2,-53,372,45,99
216,4,268,174,38,69
216,6,82,276,49,91
216,28,-66,200,34,76
216,32,712,293,48,100
216,41,408,240,44,84
216,43,661,212,42,78
216,46,8,264,52,83
216,49,595,213,48,79
216,55,844,257,47,85
216,71,-128,219,36,84
216,72,950,355,45,89
217,1,-101,243,41,82
217,2,-63,372,46,99
217,4,257,173,38,69
217,6,71,274,49,89
217,28,-80,199,34,75
217,32,708,294,46,99
217,41,398,238,45,84
217,43,652,212,41,78
217,46,-3,264,51,84
217,49,588,212,46,80
217,55,835,255,49,86
217,71,-133,218,36,85
217,72,935,354,45,86
218,1,-112,243,41,82
218,2,-72,372,45,99
218,4,254,172,38,69
218,6,61,274,50,88
218,28,-94,198,34,75
218,32,702,292,45,100
218,41,399,238,44,82
218,43,643,211,39,79
218,46,-10,266,49,83
218,49,580,212,45,79
218,55,828,253,51,86
218,71,-138,217,36,85
218,72,922,351,47,85
219,1,-124,243,41,83
219,2,-82,372,45,99
219,4,248,172,39,70
219,6,51,275,50,87
219,28,-108,197,34,75
219,32,697,290,43,97
219,41,398,237,44,81
219,43,634,210,38,78
219,46,-14,266,43,76
219,49,569,210,47,82
219,55,822,252,52,87
219,71,-143,217,35,85
219,72,903,348,50,90
220,1,-136,242,42,84
220,2,-92,372,45,99
220,4,236,173,38,70
220,6,43,276,49,87
220,28,-122,197,33,74
220,32,687,289,44,96
220,41,395,238,43,81
220,43,624,208,39,79
220,46,-28,267,43,75
220,49,560,209,48,83
220,55,814,253,53,87
220,71,-149,216,36,85
220,72,891,344,53,94
221,1,-148,242,42,84
221,2,-102,372,45,99
221,4,227,174,38,69
221,6,38,277,47,87
221,28,-136,196,33,74
221,32,686,288,43,96
221,41,388,238,43,82
221,43,615,206,39,79
221,46,-41,267,42,75
221,49,553,208,49,82
221,55,807,253,55,89
221,71,-154,216,36,85
221,72,877,341,54,95
222,1,-159,242,42,84
222,2,-112,372,45,99
222,4,219,174,37,69
222,6,31,276,47,87
222,28,-150,195,33,74
222,32,673,287,45,97
222,41,382,238,43,83
222,43,606,206,39,77
222,46,-55,268,43,74
222,49,555,209,47,80
222,55,805,253,54,90
222,71,-159,215,36,85
222,72,863,339,54,94
223,1,-171,242,42,84
223,2,-122,372,45,99
223,4,210,173,37,70
223,6,20,274,48,90
223,28,-164,194,33,74
223,32,668,288,44,97
223,41,374,237,43,84
223,43,596,205,36,74
223,46,-69,268,43,74
223,49,548,210,46,80
223,55,801,252,54,92
223,71,-165,214,37,86
223,72,847,337,55,95
224,1,-183,242,42,85
224,2,-132,372,45,99
224,4,200,172,39,72
224,6,9,272,49,92
224,28,-178,193,33,74
224,32,664,288,45,97
224,41,365,235,46,88
224,43,585,205,37,76
224,46,-82,269,42,73
224,49,539,212,46,80
224,55,794,251,53,93
224,72,831,337,57,96
225,1,-195,242,43,85
225,2,-142,372,45,98
225,4,192,172,40,71
225,6,2,272,49,89
225,28,-192,192,33,74
225,32,656,287,44,100
225,41,358,235,46,85
225,43,576,204,37,78
225,46,-96,269,42,73
225,49,535,212,45,81
225,55,787,251,52,92
225,72,819,337,56,96
225,77,1240,145,26,73
226,1,-206,242,42,85
226,2,-152,372,45,98
226,4,185,173,41,70
226,6,1,272,48,88
226,28,-207,192,34,73
226,32,651,285,44,101
226,41,363,234,44,84
226,43,567,202,37,81
226,46,-110,270,42,72
226,49,529,213,43,80
226,55,784,252,50,90
226,72,808,337,54,94
226,77,1229,146,27,72
227,1,-218,241,43,86
227,2,-161,372,44,98
227,4,184,173,41,72
227,6,-2,273,45,88
227,28,-221,191,34,73
227,32,646,284,44,97
227,41,364,234,43,83
227,43,560,201,36,79
227,46,-124,270,42,72
227,49,522,212,45,82
227,55,780,254,48,89
227,72,798,338,52,90
227,77,1217,146,28,73
228,1,-230,241,43,87
228,2,-171,372,44,98
228,4,176,175,40,72
228,6,-8,275,45,89
228,28,-235,190,33,73
228,32,641,284,44,96
228,41,363,235,43,84
228,43,550,200,37,83
228,46,-137,271,41,71
228,49,516,213,44,79
228,55,776,257,47,88
228,72,787,339,49,87
228,77,1207,146,29,74
229,1,-242,241,44,87
229,2,-181,372,44,98
229,4,170,177,39,71
229,6,-12,275,44,92
229,28,-249,189,33,73
229,32,637,285,44,96
229,41,358,236,42,85
229,43,541,200,38,86
229,46,-151,271,41,71
229,49,514,212,45,80
229,55,771,260,46,89
229,72,776,339,50,88
229,77,1198,146,30,75
230,1,-253,241,43,87
230,2,-191,372,44,98
230,4,164,177,39,72
230,6,-11,276,37,81
230,28,-263,188,33,73
230,32,636,286,38,85
230,41,354,238,41,85
230,43,534,207,35,84
230,46,-165,272,41,70
230,49,507,212,45,80
230,55,770,265,42,84
230,72,766,339,51,89
230,77,1191,144,31,78
231,1,-265,241,43,87
231,2,-201,372,45,98
231,4,158,177,40,72
231,6,-10,276,30,71
231,28,-277,187,33,73
231,32,633,286,40,93
231,41,350,238,42,87
231,43,522,204,37,90
231,46,-179,272,41,70
231,49,500,212,45,80
231,55,768,268,41,82
231,72,757,336,54,92
231,77,1182,144,31,78
232,1,-277,241,44,87
232,2,-211,372,45,98
232,4,152,177,39,72
232,6,-17,276,30,69
232,28,-291,186,33,73
232,32,632,286,38,91
232,41,345,239,43,87
232,43,517,201,33,81
232,46,-192,273,40,69
232,49,493,212,45,80
232,55,763,269,43,83
232,72,752,335,54,91
232,77,1175,143,31,80
233,1,-289,241,44,88
233,2,-221,372,45,98
233,4,147,178,41,72
233,6,-23,276,29,67
233,28,-305,186,33,72
233,32,627,284,41,95
233,41,342,239,43,84
233,43,510,214,32,78
233,46,-206,273,40,69
233,49,486,212,46,80
233,55,758,270,43,83
233,72,748,335,54,91
233,77,1167,144,31,79
234,1,-301,240,45,89
234,2,-231,372,45,98
234,4,146,179,42,73
234,6,-30,276,29,65
234,28,-319,185,33,72
234,32,623,282,42,94
234,41,346,239,44,84
234,43,504,230,28,66
234,46,-220,274,40,68
234,49,505,200,34,62
234,55,754,270,44,82
234,72,745,334,54,94
234,77,1159,146,31,78
235,1,-312,240,44,89
235,2,-241,372,45,98
235,4,140,181,43,73
235,6,-36,276,28,64
235,28,-333,184,32,72
235,32,619,282,42,95
235,41,352,240,44,84
235,43,497,216,35,82
235,46,-233,274,39,68
235,49,500,199,34,60
235,55,749,271,44,82
235,72,741,334,55,95
235,77,1153,148,30,78
236,1,-324,240,45,89
236,2,-250,372,44,98
236,4,139,184,41,72
236,6,-42,276,27,62
236,28,-347,183,32,72
236,32,616,283,42,93
236,41,353,241,43,85
236,43,487,207,36,82
236,46,-247,275,39,67
236,49,496,198,32,58
236,55,750,271,42,78
236,72,736,330,56,99
236,77,1147,150,32,77
237,1,-336,240,45,90
237,2,-260,372,44,98
237,4,139,186,40,71
237,6,-49,276,27,60
237,28,-361,182,32,72
237,32,616,284,42,94
237,41,349,242,43,86
237,43,480,204,37,83
237,46,-261,275,39,67
237,49,491,196,32,58
237,55,753,272,40,73
237,72,733,329,54,97
237,77,1143,153,32,76
238,1,-348,240,45,90
238,2,-270,372,44,97
238,4,136,187,39,70
238,6,-55,276,26,58
238,28,-375,181,32,72
238,32,613,284,43,97
238,41,350,243,43,87
238,43,474,204,35,80
238,46,-275,276,39,66
238,49,487,195,30,56
238,55,753,272,37,68
238,72,732,332,52,92
238,77,1139,157,32,73
238,80,489,221,57,76
239,1,-359,240,45,90
239,2,-280,372,44,97
239,4,132,186,40,71
239,6,-62,276,25,56
239,28,-389,180,32,72
239,32,607,283,44,100
239,41,348,243,44,89
239,43,468,204,35,79
239,46,-288,277,38,66
239,49,482,194,30,54
239,55,748,273,40,74
239,72,730,332,52,93
239,77,1134,159,33,74
239,80,487,224,55,75
240,2,-290,372,44,97
240,4,128,185,41,72
240,6,-68,276,24,54
240,28,-403,180,32,71
240,32,604,281,44,101
240,41,346,243,45,88
240,43,462,204,35,79
240,46,-302,277,38,66
240,49,477,193,29,53
240,55,746,275,40,75
240,72,725,333,50,93
240,77,1127,161,35,73
240,80,484,225,54,77
241,2,-300,372,44,97
241,4,134,186,41,73
241,6,-74,276,23,52
241,28,-417,179,32,71
241,32,604,280,42,97
241,41,346,243,45,87
241,43,459,204,33,73
241,46,-316,278,38,65
241,49,473,192,28,51
241,55,745,277,40,75
241,72,721,333,49,92
241,77,1119,163,36,73
241,80,478,222,56,80
242,2,-310,372,44,97
242,4,135,187,41,74
242,6,-81,276,23,51
242,28,-432,178,32,71
242,32,601,280,42,96
242,41,358,242,45,87
242,43,455,204,33,73
242,46,-329,278,37,65
242,49,468,191,27,49
242,55,742,279,40,77
242,72,719,330,49,94
242,77,1109,165,38,72
242,80,474,221,56,82
243,4,125,189,42,74
243,6,-87,276,22,49
243,32,599,281,41,97
243,41,362,244,45,88
243,43,451,204,33,73
243,46,-343,279,37,64
243,49,464,189,26,48
243,55,739,281,39,76
243,72,716,328,51,98
243,77,1100,167,40,72
243,80,472,221,56,82
244,4,123,191,41,75
244,6,-94,276,21,47
244,32,599,283,39,96
244,41,365,249,42,86
244,43,446,204,32,74
244,46,-357,279,37,64
244,49,459,188,25,47
244,55,738,283,37,74
244,72,712,327,50,95
244,77,1093,167,40,73
244,80,473,221,55,80
245,4,124,193,40,74
245,6,-100,276,20,45
245,32,598,282,38,97
245,41,365,252,41,85
245,43,439,203,35,78
245,46,-371,280,37,63
245,49,454,187,25,45
245,55,738,285,35,70
245,72,710,326,48,93
245,77,1087,166,41,75
245,80,478,222,53,80
246,4,121,193,41,76
246,6,-106,276,19,43
246,32,596,280,38,98
246,41,364,253,41,86
246,43,435,203,37,81
246,46,-384,280,36,63
246,49,450,186,24,43
246,55,737,285,36,72
246,72,706,326,48,93
246,77,1082,167,41,76
246,80,478,223,50,80
247,4,119,193,40,75
247,6,-113,276,19,41
247,32,593,280,38,98
247,41,362,252,43,88
247,43,431,203,37,79
247,46,-398,281,36,62
247,49,445,185,23,41
247,55,737,285,35,71
247,72,702,327,48,94
247,77,1077,165,41,80
247,80,473,224,50,81
248,4,117,194,42,74
248,6,-119,276,18,39
248,32,590,278,38,94
248,41,373,251,35,69
248,43,429,204,37,77
248,46,-412,281,36,62
248,49,441,184,22,40
248,55,738,285,37,73
248,72,698,326,49,97
248,77,1071,165,42,81
248,80,473,223,50,83
249,4,125,195,41,74
249,6,-125,276,16,38
249,32,588,278,38,93
249,41,380,251,33,65
249,43,427,205,37,77
249,46,-426,282,36,61
249,49,436,182,21,39
249,55,737,285,37,75
249,72,694,325,51,100
249,77,1066,166,41,81
249,80,472,224,48,83
250,4,128,197,39,74
250,6,-132,276,16,36
250,32,586,279,39,94
250,41,384,253,37,72
250,43,427,206,36,78
250,49,432,181,20,37
250,55,736,285,38,76
250,72,694,325,49,97
250,77,1062,167,41,82
250,80,469,223,50,85
251,4,127,199,38,75
251,6,-138,276,15,34
251,32,586,280,39,96
251,41,387,255,40,81
251,43,427,206,35,80
251,49,427,180,19,35
251,55,734,285,40,78
251,72,694,325,48,95
251,77,1059,168,41,83
251,80,469,223,48,82
252,4,127,202,37,74
252,6,-145,276,15,32
252,32,586,281,39,97
252,41,392,261,39,80
252,43,425,205,36,82
252,49,422,179,19,34
252,55,733,285,39,78
252,72,694,326,48,96
252,77,1057,171,41,82
252,80,469,225,48,79
253,4,126,202,37,74
253,6,-151,276,14,30
253,32,587,282,38,97
253,41,394,261,39,82
253,43,423,205,37,84
253,49,418,178,17,32
253,55,733,287,38,76
253,72,692,325,49,97
253,77,1054,175,41,79
253,80,477,226,45,78
254,4,125,203,38,74
254,6,-157,276,12,28
254,32,588,282,37,89
254,41,394,262,40,84
254,43,423,205,33,75
254,49,413,177,17,30
254,55,732,288,40,78
254,72,692,324,49,100
254,77,1052,179,40,78
254,80,479,228,44,78
255,4,125,202,40,75
255,6,-164,276,12,26
255,32,586,282,37,87
255,41,396,261,42,86
255,43,422,205,31,72
255,49,409,175,16,30
255,55,732,290,40,78
255,72,691,322,49,100
255,77,1048,183,40,76
255,80,480,228,43,80
256,4,135,202,40,76
256,6,-170,276,11,25
256,32,593,282,30,72
256,41,409,262,38,78
256,43,421,207,28,63
256,49,404,174,15,28
256,55,731,292,41,78
256,72,690,321,47,98
256,77,1047,189,37,72
256,80,479,227,43,82
257,4,139,205,39,74
257,6,-177,276,11,23
257,32,588,284,35,84
257,41,419,262,40,82
257,43,419,208,26,63
257,49,399,173,15,26
257,55,733,293,41,80
257,72,688,321,46,97
257,77,1042,190,38,73
257,80,478,225,43,84
258,4,141,207,38,75
258,32,584,285,38,88
258,41,427,262,42,84
258,43,416,208,26,62
258,49,412,208,38,78
258,55,733,294,41,79
258,72,685,321,47,98
258,77,1037,192,38,72
258,80,477,224,44,86
259,4,141,208,37,76
259,32,580,285,41,90
259,41,432,262,42,88
259,43,413,208,26,61
259,49,410,208,36,81
259,55,732,295,41,79
259,72,683,322,48,98
259,77,1032,193,38,73
259,80,479,224,43,84
260,4,141,210,37,76
260,32,579,284,43,90
260,41,436,267,39,85
260,43,410,208,25,60
260,49,407,207,35,83
260,55,732,296,41,78
260,72,690,324,46,95
260,77,1028,195,38,72
260,80,480,224,44,84
261,4,141,211,38,75
261,32,592,285,39,83
261,41,438,265,40,89
261,43,408,209,24,58
261,49,403,208,36,82
261,55,731,296,42,80
261,72,688,328,45,90
261,77,1023,196,37,73
261,80,487,226,42,84
262,4,142,211,39,76
262,32,593,286,38,81
262,41,440,265,42,91
262,43,405,209,24,57
262,49,400,208,36,82
262,55,733,297,39,74
262,72,686,328,45,89
262,77,1017,198,38,73
262,80,486,228,42,84
263,4,153,212,38,75
263,32,595,288,39,81
263,41,443,265,43,90
263,43,402,209,23,56
263,49,398,210,36,82
263,55,733,298,40,74
263,72,691,333,44,88
263,77,1012,200,37,72
263,80,491,229,40,85
264,4,159,214,37,74
264,32,596,288,41,83
264,41,455,266,37,74
264,43,399,209,23,55
264,49,396,212,35,82
264,55,733,300,40,73
264,72,690,336,43,85
264,77,1006,201,38,73
264,80,495,229,37,77
265,4,163,216,36,76
265,32,602,288,41,83
265,41,467,267,32,64
265,43,396,210,22,53
265,49,395,213,34,83
265,55,730,301,42,76
265,72,681,337,44,86
265,77,999,202,39,74
265,80,498,229,36,76
266,4,163,218,36,76
266,32,599,287,45,86
266,41,474,271,40,79
266,43,394,210,21,51
266,49,394,213,33,85
266,55,729,304,42,74
266,72,677,337,44,86
266,77,994,204,39,74
266,80,500,231,37,80
267,4,166,222,34,74
267,32,609,287,42,81
267,41,479,272,42,84
267,43,391,210,21,50
267,49,392,213,34,85
267,55,730,307,43,72
267,72,674,336,44,87
267,77,988,205,40,75
267,80,503,233,37,82
268,4,172,220,31,65
268,32,619,286,42,83
268,41,484,274,41,85
268,43,388,210,20,49
268,49,391,213,33,85
268,55,733,310,44,69
268,72,670,335,45,87
268,77,983,207,40,74
268,80,507,234,37,81
269,4,179,219,32,69
269,32,624,287,42,84
269,41,488,273,41,88
269,43,385,211,20,47
269,49,390,213,32,85
269,55,737,314,45,68
269,72,667,336,44,85
269,77,979,209,39,73
269,80,511,237,36,80
270,4,184,219,35,73
270,32,628,288,42,84
270,41,497,274,40,87
270,43,382,211,20,46
270,49,390,214,31,84
270,55,740,318,44,64
270,72,664,335,44,85
270,77,974,210,40,74
270,80,516,239,31,67
271,4,192,219,35,75
271,32,630,285,45,88
271,41,506,275,40,86
271,43,379,211,19,45
271,49,392,214,30,84
271,55,736,322,44,61
271,72,661,333,45,87
271,77,970,212,40,73
271,80,521,240,27,60
272,4,193,220,36,76
272,32,632,285,46,88
272,41,519,278,39,82
272,43,377,211,18,44
272,49,392,214,32,86
272,55,733,324,46,59
272,72,655,328,46,89
272,77,966,214,40,72
272,80,526,240,27,60
273,4,200,222,35,77
273,32,635,285,46,88
273,41,530,278,40,83
273,43,374,211,18,43
273,49,392,214,32,86
273,55,735,325,46,58
273,72,648,327,45,89
273,77,962,215,40,72
273,80,531,240,27,59
274,4,205,222,35,79
274,32,666,283,42,81
274,41,538,287,40,78
274,43,371,212,17,41
274,49,393,214,32,85
274,55,734,325,47,58
274,72,641,327,45,89
274,77,957,217,40,71
274,80,537,241,26,60
275,4,210,222,34,80
275,32,677,284,40,79
275,41,544,290,41,77
275,43,368,212,17,40
275,49,394,214,33,84
275,55,729,322,50,62
275,72,635,325,45,90
275,77,953,217,41,72
275,80,542,242,26,61
276,4,216,222,34,77
276,32,687,285,36,71
276,41,552,292,32,58
276,43,365,212,16,39
276,49,396,216,33,81
276,55,725,319,53,65
276,72,631,324,44,89
276,77,950,218,42,71
276,80,548,244,26,60
276,92,5,304,18,92
277,4,222,222,35,76
277,32,701,283,37,75
277,41,562,294,39,69
277,43,363,212,15,38
277,49,397,217,34,78
277,55,719,315,59,71
277,72,627,322,43,86
277,77,949,219,43,71
277,80,555,246,26,59
277,92,8,304,19,97
278,4,232,222,36,76
278,32,717,283,30,59
278,41,570,292,42,75
278,43,360,213,15,36
278,49,401,220,36,77
278,55,719,311,62,75
278,72,624,321,44,88
278,77,949,219,45,73
278,80,562,248,25,57
278,92,10,308,20,95
279,4,249,223,36,76
279,32,725,282,29,58
279,41,577,294,43,74
279,43,357,213,14,35
279,49,406,223,35,76
279,55,713,296,71,91
279,72,620,321,41,81
279,77,948,218,47,75
279,80,569,252,27,59
279,92,14,307,21,99
280,4,260,225,37,76
280,32,734,282,27,55
280,41,585,299,40,69
280,43,354,213,14,33
280,49,409,225,35,75
280,55,708,301,67,85
280,72,619,321,44,86
280,77,948,218,49,77
280,80,576,256,27,56
280,92,20,307,22,101
280,96,721,280,66,101
281,4,267,227,35,76
281,32,742,282,26,52
281,41,593,301,40,68
281,43,351,213,14,32
281,49,411,225,35,76
281,55,703,303,62,82
281,72,618,323,43,83
281,77,949,221,48,74
281,80,581,258,31,65
281,92,26,305,23,103
281,96,736,278,59,90
282,4,273,228,35,76
282,32,751,282,25,49
282,41,601,303,40,68
282,43,348,214,13,30
282,49,414,224,34,78
282,55,698,304,61,82
282,72,611,321,44,83
282,77,948,219,49,77
282,80,588,260,33,68
282,92,31,305,25,101
282,96,752,281,57,87
283,4,280,229,34,75
283,32,760,281,23,47
283,41,609,305,40,67
283,43,346,214,12,29
283,49,417,224,35,79
283,55,694,304,62,84
283,72,609,326,41,78
283,77,946,218,51,79
283,80,594,262,33,65
283,92,40,305,27,98
283,96,765,284,57,87
284,4,288,229,34,76
284,32,768,281,22,44
284,41,617,306,39,68
284,43,343,214,12,28
284,49,420,224,34,80
284,55,691,304,62,85
284,72,598,318,46,89
284,77,949,228,45,69
284,80,597,264,32,60
284,92,50,305,28,97
284,96,775,285,56,89
284,98,7,383,21,104
284,99,691,156,13,21
285,4,297,230,36,78
285,32,777,281,21,42
285,41,625,308,39,68
285,43,340,214,11,27
285,49,420,224,35,80
285,55,687,305,61,85
285,72,592,316,46,90
285,77,951,233,41,65
285,80,598,264,33,62
285,92,61,306,31,99
285,96,784,284,57,91
285,98,13,383,24,108
285,99,692,157,12,20
286,4,307,233,37,75
286,32,785,281,20,39
286,41,625,310,40,67
286,43,337,215,11,25
286,49,421,224,34,80
286,55,682,304,60,87
286,72,587,314,47,92
286,77,952,237,40,62
286,80,599,263,35,63
286,92,67,309,32,97
286,96,796,284,56,93
286,98,21,385,25,108
286,99,692,158,13,20
287,4,316,235,38,74
287,32,794,280,18,37
287,41,627,311,42,69
287,43,334,215,10,24
287,49,422,224,35,80
287,55,678,305,59,87
287,72,582,312,46,88
287,77,953,243,36,57
287,80,600,262,38,66
287,92,76,310,33,98
287,96,810,284,55,94
287,98,29,387,26,107
287,99,693,159,13,20
288,4,325,237,39,75
288,32,803,280,17,34
288,41,632,310,44,71
288,49,424,223,34,81
288,55,673,305,57,88
288,72,578,310,46,88
288,77,954,246,36,56
288,80,601,260,42,73
288,92,85,310,34,100
288,96,823,285,55,92
288,98,39,390,21,82
288,99,694,159,13,21
289,4,333,239,39,75
289,32,811,280,16,31
289,41,639,311,44,71
289,49,423,222,35,82
289,55,669,305,55,89
289,72,570,310,46,88
289,77,954,248,36,56
289,80,602,260,44,75
289,92,94,308,35,103
289,96,836,286,54,91
289,98,46,391,20,78
289,99,694,160,13,21
290,4,340,240,39,75
290,32,820,280,14,28
290,41,638,308,44,72
290,49,425,222,33,82
290,55,667,303,53,90
290,72,563,309,46,90
290,77,957,236,37,57
290,80,602,257,45,79
290,92,101,308,36,103
290,96,846,288,55,91
290,98,52,393,20,74
290,99,695,160,13,22
290,102,37,389,61,110
291,4,349,241,38,76
291,32,828,279,13,27
291,41,641,306,40,64
291,49,427,223,33,81
291,55,662,303,53,92
291,72,558,308,47,92
291,77,954,247,33,50
291,80,604,256,44,79
291,92,109,311,36,97
291,96,855,291,54,90
291,98,59,394,19,70
291,99,696,161,12,21
291,102,43,386,63,114
292,4,358,239,40,79
292,32,837,279,12,24
292,41,645,306,38,62
292,49,429,224,34,82
292,55,660,303,51,91
292,72,555,308,46,90
292,77,952,252,34,48
292,80,606,257,43,78
292,92,117,316,36,89
292,96,863,292,53,90
292,98,66,395,17,67
292,99,700,162,13,21
292,102,51,384,63,117
293,4,370,238,40,80
293,32,846,279,10,21
293,41,647,305,40,65
293,49,432,225,34,81
293,55,660,305,48,88
293,72,552,309,45,88
293,77,951,240,46,67
293,80,608,257,42,76
293,92,134,311,38,92
293,96,873,293,53,90
293,98,73,396,16,63
293,99,703,162,13,22
293,102,61,384,63,115
293,103,669,332,30,61
294,4,380,238,41,81
294,41,652,305,39,65
294,49,435,228,34,78
294,55,661,305,47,88
294,72,552,309,43,87
294,77,952,237,49,72
294,80,613,258,41,75
294,92,140,311,41,95
294,96,885,296,50,88
294,98,79,397,16,59
294,99,704,163,13,22
294,102,72,385,62,112
294,103,669,332,30,59
295,4,389,239,42,80
295,41,657,305,39,65
295,49,438,230,33,76
295,55,663,304,43,84
295,72,551,307,44,91
295,77,955,235,50,75
295,80,617,260,40,72
295,92,157,335,32,73
295,96,894,296,52,88
295,98,86,398,15,56
295,99,709,164,12,22
295,102,82,387,61,111
295,103,669,333,29,57
296,4,398,241,41,78
296,32,905,297,38,75
296,41,662,306,39,64
296,49,440,232,33,73
296,55,664,303,43,83
296,72,546,306,44,92
296,77,957,233,52,78
296,80,619,262,39,71
296,92,158,318,40,92
296,96,905,299,48,85
296,98,93,399,14,52
296,99,712,165,12,21
296,102,90,389,61,110
296,103,669,334,28,55
297,4,404,243,42,78
297,32,916,298,40,81
297,41,666,306,40,64
297,49,441,233,34,73
297,55,659,302,46,88
297,72,543,305,43,91
297,77,961,231,52,80
297,80,619,262,39,71
297,92,166,313,41,98
297,96,914,300,49,84
297,98,100,400,12,48
297,99,715,166,13,20
297,102,102,391,59,110
297,103,669,334,27,53
298,4,414,247,41,77
298,32,925,297,43,88
298,41,665,327,37,62
298,49,441,232,36,76
298,55,666,301,47,89
298,72,540,304,43,91
298,77,965,231,51,79
298,80,619,262,39,72
298,92,174,309,43,103
298,96,924,301,48,84
298,98,107,401,11,45
298,99,717,166,13,21
298,102,114,390,58,112
298,103,666,312,40,79
299,4,427,252,41,74
299,32,933,293,47,95
299,41,673,338,33,53
299,49,445,238,35,70
299,55,670,300,44,82
299,72,539,304,42,90
299,77,973,246,41,63
299,80,617,263,39,72
299,92,185,306,43,104
299,96,934,302,48,83
299,98,113,402,11,41
299,99,719,167,13,21
299,102,124,389,58,114
299,103,665,309,42,81
